recorded_time,temperature,sensor_type
2023-11-02T00:00,-0.3461001642036159,UNKNOWN
2023-11-02T00:01,-0.3461001642036159,UNKNOWN
2023-11-02T00:02,-0.3461001642036159,UNKNOWN
2023-11-02T00:03,-0.3461001642036159,UNKNOWN
2023-11-02T00:04,-0.3461001642036159,UNKNOWN
2023-11-02T00:05,-0.1461001642036166,UNKNOWN
2023-11-02T00:06,-0.1461001642036166,UNKNOWN
2023-11-02T00:07,-0.04610016420361518,UNKNOWN
2023-11-02T00:08,-0.04610016420361518,UNKNOWN
2023-11-02T00:09,-0.1461001642036166,UNKNOWN
2023-11-02T00:10,-0.24610016420361802,UNKNOWN
2023-11-02T00:11,-0.3461001642036159,UNKNOWN
2023-11-02T00:12,-0.4461001642036173,UNKNOWN
2023-11-02T00:13,-0.5461001642036152,UNKNOWN
2023-11-02T00:14,-0.4461001642036173,UNKNOWN
2023-11-02T00:15,-0.24610016420361802,UNKNOWN
2023-11-02T00:16,-0.24610016420361802,UNKNOWN
2023-11-02T00:17,-0.24610016420361802,UNKNOWN
2023-11-02T00:18,-0.24610016420361802,UNKNOWN
2023-11-02T00:19,-0.1461001642036166,UNKNOWN
2023-11-02T00:20,-0.24610016420361802,UNKNOWN
2023-11-02T00:21,-0.24610016420361802,UNKNOWN
2023-11-02T00:22,-0.24610016420361802,UNKNOWN
2023-11-02T00:23,-0.3461001642036159,UNKNOWN
2023-11-02T00:24,-0.4461001642036173,UNKNOWN
2023-11-02T00:25,-0.3461001642036159,UNKNOWN
2023-11-02T00:26,-0.3461001642036159,UNKNOWN
2023-11-02T00:27,-0.24610016420361802,UNKNOWN
2023-11-02T00:28,-0.24610016420361802,UNKNOWN
2023-11-02T00:29,-0.24610016420361802,UNKNOWN
2023-11-02T00:30,-0.24610016420361802,UNKNOWN
2023-11-02T00:31,-0.24610016420361802,UNKNOWN
2023-11-02T00:32,-0.24610016420361802,UNKNOWN
2023-11-02T00:33,-0.1461001642036166,UNKNOWN
2023-11-02T00:34,-0.24610016420361802,UNKNOWN
2023-11-02T00:35,-0.5461001642036152,UNKNOWN
2023-11-02T00:36,-0.746100164203618,UNKNOWN
2023-11-02T00:37,-0.746100164203618,UNKNOWN
2023-11-02T00:38,-0.6461001642036166,UNKNOWN
2023-11-02T00:39,-0.746100164203618,UNKNOWN
2023-11-02T00:40,-1.0461001642036152,UNKNOWN
2023-11-02T00:41,-1.246100164203618,UNKNOWN
2023-11-02T00:42,-1.5461001642036152,UNKNOWN
2023-11-02T00:43,-1.9461001642036173,UNKNOWN
2023-11-02T00:44,-2.246100164203618,UNKNOWN
2023-11-02T00:45,-2.4461001642036173,UNKNOWN
2023-11-02T00:46,-2.346100164203616,UNKNOWN
2023-11-02T00:47,-2.4461001642036173,UNKNOWN
2023-11-02T00:48,-2.4461001642036173,UNKNOWN
2023-11-02T00:49,-2.246100164203618,UNKNOWN
2023-11-02T00:50,-2.1461001642036166,UNKNOWN
2023-11-02T00:51,-2.1461001642036166,UNKNOWN
2023-11-02T00:52,-2.1461001642036166,UNKNOWN
2023-11-02T00:53,-2.246100164203618,UNKNOWN
2023-11-02T00:54,-2.4461001642036173,UNKNOWN
2023-11-02T00:55,-2.4461001642036173,UNKNOWN
2023-11-02T00:56,-2.346100164203616,UNKNOWN
2023-11-02T00:57,-2.246100164203618,UNKNOWN
2023-11-02T00:58,-2.1461001642036166,UNKNOWN
2023-11-02T00:59,-1.9461001642036173,UNKNOWN
2023-11-02T01:00,-1.9461001642036173,UNKNOWN
2023-11-02T01:01,-1.846100164203616,UNKNOWN
2023-11-02T01:02,-1.6461001642036166,UNKNOWN
2023-11-02T01:03,-1.4461001642036173,UNKNOWN
2023-11-02T01:04,-1.346100164203616,UNKNOWN
2023-11-02T01:05,-1.346100164203616,UNKNOWN
2023-11-02T01:06,-1.346100164203616,UNKNOWN
2023-11-02T01:07,-1.346100164203616,UNKNOWN
2023-11-02T01:08,-1.346100164203616,UNKNOWN
2023-11-02T01:09,-1.346100164203616,UNKNOWN
2023-11-02T01:10,-1.346100164203616,UNKNOWN
2023-11-02T01:11,-1.346100164203616,UNKNOWN
2023-11-02T01:12,-1.346100164203616,UNKNOWN
2023-11-02T01:13,-1.346100164203616,UNKNOWN
2023-11-02T01:14,-1.346100164203616,UNKNOWN
2023-11-02T01:15,-1.346100164203616,UNKNOWN
2023-11-02T01:16,-1.346100164203616,UNKNOWN
2023-11-02T01:17,-1.346100164203616,UNKNOWN
2023-11-02T01:18,-1.346100164203616,UNKNOWN
2023-11-02T01:19,-1.246100164203618,UNKNOWN
2023-11-02T01:20,-1.246100164203618,UNKNOWN
2023-11-02T01:21,-1.246100164203618,UNKNOWN
2023-11-02T01:22,-1.246100164203618,UNKNOWN
2023-11-02T01:23,-1.346100164203616,UNKNOWN
2023-11-02T01:24,-1.346100164203616,UNKNOWN
2023-11-02T01:25,-1.346100164203616,UNKNOWN
2023-11-02T01:26,-1.246100164203618,UNKNOWN
2023-11-02T01:27,-1.246100164203618,UNKNOWN
2023-11-02T01:28,-1.246100164203618,UNKNOWN
2023-11-02T01:29,-1.246100164203618,UNKNOWN
2023-11-02T01:30,-1.346100164203616,UNKNOWN
2023-11-02T01:31,-1.346100164203616,UNKNOWN
2023-11-02T01:32,-1.346100164203616,UNKNOWN
2023-11-02T01:33,-1.346100164203616,UNKNOWN
2023-11-02T01:34,-1.4461001642036173,UNKNOWN
2023-11-02T01:35,-1.4461001642036173,UNKNOWN
2023-11-02T01:36,-1.4461001642036173,UNKNOWN
2023-11-02T01:37,-1.4461001642036173,UNKNOWN
2023-11-02T01:38,-1.4461001642036173,UNKNOWN
2023-11-02T01:39,-1.4461001642036173,UNKNOWN
2023-11-02T01:40,-1.5461001642036152,UNKNOWN
2023-11-02T01:41,-1.5461001642036152,UNKNOWN
2023-11-02T01:42,-1.5461001642036152,UNKNOWN
2023-11-02T01:43,-1.5461001642036152,UNKNOWN
2023-11-02T01:44,-1.5461001642036152,UNKNOWN
2023-11-02T01:45,-1.6461001642036166,UNKNOWN
2023-11-02T01:46,-1.6461001642036166,UNKNOWN
2023-11-02T01:47,-1.5461001642036152,UNKNOWN
2023-11-02T01:48,-1.4461001642036173,UNKNOWN
2023-11-02T01:49,-1.1461001642036166,UNKNOWN
2023-11-02T01:50,-0.9461001642036173,UNKNOWN
2023-11-02T01:51,-0.746100164203618,UNKNOWN
2023-11-02T01:52,-0.6461001642036166,UNKNOWN
2023-11-02T01:53,-0.4461001642036173,UNKNOWN
2023-11-02T01:54,-0.3461001642036159,UNKNOWN
2023-11-02T01:55,-0.1461001642036166,UNKNOWN
2023-11-02T01:56,-0.04610016420361518,UNKNOWN
2023-11-02T01:57,0.05389983579638624,UNKNOWN
2023-11-02T01:58,0.15389983579638056,UNKNOWN
2023-11-02T01:59,0.15389983579638056,UNKNOWN
2023-11-02T02:00,0.253899835796382,UNKNOWN
2023-11-02T02:01,0.3538998357963834,UNKNOWN
2023-11-02T02:02,0.4538998357963848,UNKNOWN
2023-11-02T02:03,0.5538998357963862,UNKNOWN
2023-11-02T02:04,0.5538998357963862,UNKNOWN
2023-11-02T02:05,0.5538998357963862,UNKNOWN
2023-11-02T02:06,0.5538998357963862,UNKNOWN
2023-11-02T02:07,0.4538998357963848,UNKNOWN
2023-11-02T02:08,0.3538998357963834,UNKNOWN
2023-11-02T02:09,0.3538998357963834,UNKNOWN
2023-11-02T02:10,0.253899835796382,UNKNOWN
2023-11-02T02:11,0.253899835796382,UNKNOWN
2023-11-02T02:12,0.253899835796382,UNKNOWN
2023-11-02T02:13,0.253899835796382,UNKNOWN
2023-11-02T02:14,0.253899835796382,UNKNOWN
2023-11-02T02:15,0.253899835796382,UNKNOWN
2023-11-02T02:16,0.253899835796382,UNKNOWN
2023-11-02T02:17,0.253899835796382,UNKNOWN
2023-11-02T02:18,0.253899835796382,UNKNOWN
2023-11-02T02:19,0.253899835796382,UNKNOWN
2023-11-02T02:20,0.253899835796382,UNKNOWN
2023-11-02T02:21,0.253899835796382,UNKNOWN
2023-11-02T02:22,0.253899835796382,UNKNOWN
2023-11-02T02:23,0.3538998357963834,UNKNOWN
2023-11-02T02:24,0.3538998357963834,UNKNOWN
2023-11-02T02:25,0.3538998357963834,UNKNOWN
2023-11-02T02:26,0.3538998357963834,UNKNOWN
2023-11-02T02:27,0.3538998357963834,UNKNOWN
2023-11-02T02:28,0.3538998357963834,UNKNOWN
2023-11-02T02:29,0.3538998357963834,UNKNOWN
2023-11-02T02:30,0.3538998357963834,UNKNOWN
2023-11-02T02:31,0.3538998357963834,UNKNOWN
2023-11-02T02:32,0.3538998357963834,UNKNOWN
2023-11-02T02:33,0.3538998357963834,UNKNOWN
2023-11-02T02:34,0.3538998357963834,UNKNOWN
2023-11-02T02:35,0.15389983579638056,UNKNOWN
2023-11-02T02:36,-0.1461001642036166,UNKNOWN
2023-11-02T02:37,-0.3461001642036159,UNKNOWN
2023-11-02T02:38,-0.4461001642036173,UNKNOWN
2023-11-02T02:39,-0.5461001642036152,UNKNOWN
2023-11-02T02:40,-0.6461001642036166,UNKNOWN
2023-11-02T02:41,-0.8461001642036159,UNKNOWN
2023-11-02T02:42,-1.0461001642036152,UNKNOWN
2023-11-02T02:43,-1.1461001642036166,UNKNOWN
2023-11-02T02:44,-1.246100164203618,UNKNOWN
2023-11-02T02:45,-1.346100164203616,UNKNOWN
2023-11-02T02:46,-1.4461001642036173,UNKNOWN
2023-11-02T02:47,-1.4461001642036173,UNKNOWN
2023-11-02T02:48,-1.4461001642036173,UNKNOWN
2023-11-02T02:49,-1.5461001642036152,UNKNOWN
2023-11-02T02:50,-1.5461001642036152,UNKNOWN
2023-11-02T02:51,-1.6461001642036166,UNKNOWN
2023-11-02T02:52,-1.6461001642036166,UNKNOWN
2023-11-02T02:53,-1.6461001642036166,UNKNOWN
2023-11-02T02:54,-1.6461001642036166,UNKNOWN
2023-11-02T02:55,-1.746100164203618,UNKNOWN
2023-11-02T02:56,-1.746100164203618,UNKNOWN
2023-11-02T02:57,-1.846100164203616,UNKNOWN
2023-11-02T02:58,-1.846100164203616,UNKNOWN
2023-11-02T02:59,-1.846100164203616,UNKNOWN
2023-11-02T03:00,-1.9461001642036173,UNKNOWN
2023-11-02T03:01,-1.9461001642036173,UNKNOWN
2023-11-02T03:02,-2.046100164203615,UNKNOWN
2023-11-02T03:03,-2.1461001642036166,UNKNOWN
2023-11-02T03:04,-2.1461001642036166,UNKNOWN
2023-11-02T03:05,-2.1461001642036166,UNKNOWN
2023-11-02T03:06,-2.1461001642036166,UNKNOWN
2023-11-02T03:07,-2.1461001642036166,UNKNOWN
2023-11-02T03:08,-2.1461001642036166,UNKNOWN
2023-11-02T03:09,-2.246100164203618,UNKNOWN
2023-11-02T03:10,-2.246100164203618,UNKNOWN
2023-11-02T03:11,-2.246100164203618,UNKNOWN
2023-11-02T03:12,-2.246100164203618,UNKNOWN
2023-11-02T03:13,-2.246100164203618,UNKNOWN
2023-11-02T03:14,-2.1461001642036166,UNKNOWN
2023-11-02T03:15,-2.046100164203615,UNKNOWN
2023-11-02T03:16,-1.9461001642036173,UNKNOWN
2023-11-02T03:17,-1.746100164203618,UNKNOWN
2023-11-02T03:18,-1.6461001642036166,UNKNOWN
2023-11-02T03:19,-1.5461001642036152,UNKNOWN
2023-11-02T03:20,-1.5461001642036152,UNKNOWN
2023-11-02T03:21,-1.4461001642036173,UNKNOWN
2023-11-02T03:22,-1.4461001642036173,UNKNOWN
2023-11-02T03:23,-1.4461001642036173,UNKNOWN
2023-11-02T03:24,-1.4461001642036173,UNKNOWN
2023-11-02T03:25,-1.4461001642036173,UNKNOWN
2023-11-02T03:26,-1.346100164203616,UNKNOWN
2023-11-02T03:27,-1.346100164203616,UNKNOWN
2023-11-02T03:28,-1.346100164203616,UNKNOWN
2023-11-02T03:29,-1.346100164203616,UNKNOWN
2023-11-02T03:30,-1.246100164203618,UNKNOWN
2023-11-02T03:31,-1.246100164203618,UNKNOWN
2023-11-02T03:32,-1.246100164203618,UNKNOWN
2023-11-02T03:33,-1.346100164203616,UNKNOWN
2023-11-02T03:34,-1.4461001642036173,UNKNOWN
2023-11-02T03:35,-1.346100164203616,UNKNOWN
2023-11-02T03:36,-1.246100164203618,UNKNOWN
2023-11-02T03:37,-1.0461001642036152,UNKNOWN
2023-11-02T03:38,-0.9461001642036173,UNKNOWN
2023-11-02T03:39,-0.8461001642036159,UNKNOWN
2023-11-02T03:40,-0.746100164203618,UNKNOWN
2023-11-02T03:41,-0.6461001642036166,UNKNOWN
2023-11-02T03:42,-0.6461001642036166,UNKNOWN
2023-11-02T03:43,-0.5461001642036152,UNKNOWN
2023-11-02T03:44,-0.4461001642036173,UNKNOWN
2023-11-02T03:45,-0.3461001642036159,UNKNOWN
2023-11-02T03:46,-0.24610016420361802,UNKNOWN
2023-11-02T03:47,-0.24610016420361802,UNKNOWN
2023-11-02T03:48,-0.1461001642036166,UNKNOWN
2023-11-02T03:49,-0.1461001642036166,UNKNOWN
2023-11-02T03:50,-0.04610016420361518,UNKNOWN
2023-11-02T03:51,0.05389983579638624,UNKNOWN
2023-11-02T03:52,0.15389983579638056,UNKNOWN
2023-11-02T03:53,0.15389983579638056,UNKNOWN
2023-11-02T03:54,0.253899835796382,UNKNOWN
2023-11-02T03:55,0.253899835796382,UNKNOWN
2023-11-02T03:56,0.3538998357963834,UNKNOWN
2023-11-02T03:57,0.3538998357963834,UNKNOWN
2023-11-02T03:58,0.4538998357963848,UNKNOWN
2023-11-02T03:59,0.4538998357963848,UNKNOWN
2023-11-02T04:00,0.5538998357963862,UNKNOWN
2023-11-02T04:01,0.5538998357963862,UNKNOWN
2023-11-02T04:02,0.5538998357963862,UNKNOWN
2023-11-02T04:03,0.6538998357963806,UNKNOWN
2023-11-02T04:04,0.6538998357963806,UNKNOWN
2023-11-02T04:05,0.3538998357963834,UNKNOWN
2023-11-02T04:06,0.05389983579638624,UNKNOWN
2023-11-02T04:07,-0.3461001642036159,UNKNOWN
2023-11-02T04:08,-0.6461001642036166,UNKNOWN
2023-11-02T04:09,-0.9461001642036173,UNKNOWN
2023-11-02T04:10,-1.1461001642036166,UNKNOWN
2023-11-02T04:11,-1.346100164203616,UNKNOWN
2023-11-02T04:12,-1.4461001642036173,UNKNOWN
2023-11-02T04:13,-1.4461001642036173,UNKNOWN
2023-11-02T04:14,-1.5461001642036152,UNKNOWN
2023-11-02T04:15,-1.5461001642036152,UNKNOWN
2023-11-02T04:16,-1.5461001642036152,UNKNOWN
2023-11-02T04:17,-1.5461001642036152,UNKNOWN
2023-11-02T04:18,-1.5461001642036152,UNKNOWN
2023-11-02T04:19,-1.5461001642036152,UNKNOWN
2023-11-02T04:20,-1.5461001642036152,UNKNOWN
2023-11-02T04:21,-1.5461001642036152,UNKNOWN
2023-11-02T04:22,-1.5461001642036152,UNKNOWN
2023-11-02T04:23,-1.5461001642036152,UNKNOWN
2023-11-02T04:24,-1.5461001642036152,UNKNOWN
2023-11-02T04:25,-1.5461001642036152,UNKNOWN
2023-11-02T04:26,-1.5461001642036152,UNKNOWN
2023-11-02T04:27,-1.5461001642036152,UNKNOWN
2023-11-02T04:28,-1.5461001642036152,UNKNOWN
2023-11-02T04:29,-1.5461001642036152,UNKNOWN
2023-11-02T04:30,-1.6461001642036166,UNKNOWN
2023-11-02T04:31,-1.6461001642036166,UNKNOWN
2023-11-02T04:32,-1.6461001642036166,UNKNOWN
2023-11-02T04:33,-1.6461001642036166,UNKNOWN
2023-11-02T04:34,-1.6461001642036166,UNKNOWN
2023-11-02T04:35,-1.6461001642036166,UNKNOWN
2023-11-02T04:36,-1.6461001642036166,UNKNOWN
2023-11-02T04:37,-1.6461001642036166,UNKNOWN
2023-11-02T04:38,-1.6461001642036166,UNKNOWN
2023-11-02T04:39,-1.6461001642036166,UNKNOWN
2023-11-02T04:40,-1.746100164203618,UNKNOWN
2023-11-02T04:41,-1.746100164203618,UNKNOWN
2023-11-02T04:42,-1.746100164203618,UNKNOWN
2023-11-02T04:43,-1.746100164203618,UNKNOWN
2023-11-02T04:44,-1.846100164203616,UNKNOWN
2023-11-02T04:45,-1.846100164203616,UNKNOWN
2023-11-02T04:46,-1.846100164203616,UNKNOWN
2023-11-02T04:47,-1.846100164203616,UNKNOWN
2023-11-02T04:48,-1.9461001642036173,UNKNOWN
2023-11-02T04:49,-1.9461001642036173,UNKNOWN
2023-11-02T04:50,-1.9461001642036173,UNKNOWN
2023-11-02T04:51,-1.9461001642036173,UNKNOWN
2023-11-02T04:52,-1.9461001642036173,UNKNOWN
2023-11-02T04:53,-2.046100164203615,UNKNOWN
2023-11-02T04:54,-2.046100164203615,UNKNOWN
2023-11-02T04:55,-2.046100164203615,UNKNOWN
2023-11-02T04:56,-2.1461001642036166,UNKNOWN
2023-11-02T04:57,-2.1461001642036166,UNKNOWN
2023-11-02T04:58,-2.246100164203618,UNKNOWN
2023-11-02T04:59,-2.246100164203618,UNKNOWN
2023-11-02T05:00,-2.246100164203618,UNKNOWN
2023-11-02T05:01,-2.346100164203616,UNKNOWN
2023-11-02T05:02,-2.246100164203618,UNKNOWN
2023-11-02T05:03,-2.246100164203618,UNKNOWN
2023-11-02T05:04,-2.246100164203618,UNKNOWN
2023-11-02T05:05,-2.246100164203618,UNKNOWN
2023-11-02T05:06,-2.246100164203618,UNKNOWN
2023-11-02T05:07,-2.246100164203618,UNKNOWN
2023-11-02T05:08,-2.1461001642036166,UNKNOWN
2023-11-02T05:09,-1.9461001642036173,UNKNOWN
2023-11-02T05:10,-1.846100164203616,UNKNOWN
2023-11-02T05:11,-1.6461001642036166,UNKNOWN
2023-11-02T05:12,-1.5461001642036152,UNKNOWN
2023-11-02T05:13,-1.5461001642036152,UNKNOWN
2023-11-02T05:14,-1.5461001642036152,UNKNOWN
2023-11-02T05:15,-1.6461001642036166,UNKNOWN
2023-11-02T05:16,-1.6461001642036166,UNKNOWN
2023-11-02T05:17,-1.746100164203618,UNKNOWN
2023-11-02T05:18,-1.746100164203618,UNKNOWN
2023-11-02T05:19,-1.746100164203618,UNKNOWN
2023-11-02T05:20,-1.846100164203616,UNKNOWN
2023-11-02T05:21,-1.846100164203616,UNKNOWN
2023-11-02T05:22,-1.9461001642036173,UNKNOWN
2023-11-02T05:23,-1.9461001642036173,UNKNOWN
2023-11-02T05:24,-1.9461001642036173,UNKNOWN
2023-11-02T05:25,-1.9461001642036173,UNKNOWN
2023-11-02T05:26,-1.9461001642036173,UNKNOWN
2023-11-02T05:27,-1.9461001642036173,UNKNOWN
2023-11-02T05:28,-2.046100164203615,UNKNOWN
2023-11-02T05:29,-2.046100164203615,UNKNOWN
2023-11-02T05:30,-2.046100164203615,UNKNOWN
2023-11-02T05:31,-2.046100164203615,UNKNOWN
2023-11-02T05:32,-2.1461001642036166,UNKNOWN
2023-11-02T05:33,-2.1461001642036166,UNKNOWN
2023-11-02T05:34,-2.1461001642036166,UNKNOWN
2023-11-02T05:35,-2.1461001642036166,UNKNOWN
2023-11-02T05:36,-2.246100164203618,UNKNOWN
2023-11-02T05:37,-2.346100164203616,UNKNOWN
2023-11-02T05:38,-2.1461001642036166,UNKNOWN
2023-11-02T05:39,-1.9461001642036173,UNKNOWN
2023-11-02T05:40,-1.746100164203618,UNKNOWN
2023-11-02T05:41,-1.6461001642036166,UNKNOWN
2023-11-02T05:42,-1.4461001642036173,UNKNOWN
2023-11-02T05:43,-1.4461001642036173,UNKNOWN
2023-11-02T05:44,-1.5461001642036152,UNKNOWN
2023-11-02T05:45,-1.746100164203618,UNKNOWN
2023-11-02T05:46,-1.9461001642036173,UNKNOWN
2023-11-02T05:47,-2.046100164203615,UNKNOWN
2023-11-02T05:48,-2.1461001642036166,UNKNOWN
2023-11-02T05:49,-2.246100164203618,UNKNOWN
2023-11-02T05:50,-2.346100164203616,UNKNOWN
2023-11-02T05:51,-2.346100164203616,UNKNOWN
2023-11-02T05:52,-2.346100164203616,UNKNOWN
2023-11-02T05:53,-2.046100164203615,UNKNOWN
2023-11-02T05:54,-1.846100164203616,UNKNOWN
2023-11-02T05:55,-1.5461001642036152,UNKNOWN
2023-11-02T05:56,-1.246100164203618,UNKNOWN
2023-11-02T05:57,-1.0461001642036152,UNKNOWN
2023-11-02T05:58,-0.746100164203618,UNKNOWN
2023-11-02T05:59,-0.6461001642036166,UNKNOWN
2023-11-02T06:00,-0.5461001642036152,UNKNOWN
2023-11-02T06:01,-0.3461001642036159,UNKNOWN
2023-11-02T06:02,-0.3461001642036159,UNKNOWN
2023-11-02T06:03,-0.24610016420361802,UNKNOWN
2023-11-02T06:04,-0.1461001642036166,UNKNOWN
2023-11-02T06:05,-0.1461001642036166,UNKNOWN
2023-11-02T06:06,-0.1461001642036166,UNKNOWN
2023-11-02T06:07,-0.04610016420361518,UNKNOWN
2023-11-02T06:08,-0.04610016420361518,UNKNOWN
2023-11-02T06:09,-0.04610016420361518,UNKNOWN
2023-11-02T06:10,0.05389983579638624,UNKNOWN
2023-11-02T06:11,0.05389983579638624,UNKNOWN
2023-11-02T06:12,0.05389983579638624,UNKNOWN
2023-11-02T06:13,0.15389983579638056,UNKNOWN
2023-11-02T06:14,0.15389983579638056,UNKNOWN
2023-11-02T06:15,0.15389983579638056,UNKNOWN
2023-11-02T06:16,0.15389983579638056,UNKNOWN
2023-11-02T06:17,0.15389983579638056,UNKNOWN
2023-11-02T06:18,0.15389983579638056,UNKNOWN
2023-11-02T06:19,0.15389983579638056,UNKNOWN
2023-11-02T06:20,0.15389983579638056,UNKNOWN
2023-11-02T06:21,0.15389983579638056,UNKNOWN
2023-11-02T06:22,0.15389983579638056,UNKNOWN
2023-11-02T06:23,0.253899835796382,UNKNOWN
2023-11-02T06:24,0.253899835796382,UNKNOWN
2023-11-02T06:25,0.253899835796382,UNKNOWN
2023-11-02T06:26,0.253899835796382,UNKNOWN
2023-11-02T06:27,0.253899835796382,UNKNOWN
2023-11-02T06:28,0.253899835796382,UNKNOWN
2023-11-02T06:29,0.253899835796382,UNKNOWN
2023-11-02T06:30,0.253899835796382,UNKNOWN
2023-11-02T06:31,0.253899835796382,UNKNOWN
2023-11-02T06:32,0.15389983579638056,UNKNOWN
2023-11-02T06:33,-0.04610016420361518,UNKNOWN
2023-11-02T06:34,-0.24610016420361802,UNKNOWN
2023-11-02T06:35,-0.4461001642036173,UNKNOWN
2023-11-02T06:36,-0.6461001642036166,UNKNOWN
2023-11-02T06:37,-0.6461001642036166,UNKNOWN
2023-11-02T06:38,-0.6461001642036166,UNKNOWN
2023-11-02T06:39,-0.6461001642036166,UNKNOWN
2023-11-02T06:40,-0.6461001642036166,UNKNOWN
2023-11-02T06:41,-0.746100164203618,UNKNOWN
2023-11-02T06:42,-1.0461001642036152,UNKNOWN
2023-11-02T06:43,-1.1461001642036166,UNKNOWN
2023-11-02T06:44,-1.4461001642036173,UNKNOWN
2023-11-02T06:45,-1.5461001642036152,UNKNOWN
2023-11-02T06:46,-1.6461001642036166,UNKNOWN
2023-11-02T06:47,-1.746100164203618,UNKNOWN
2023-11-02T06:48,-1.746100164203618,UNKNOWN
2023-11-02T06:49,-1.846100164203616,UNKNOWN
2023-11-02T06:50,-1.846100164203616,UNKNOWN
2023-11-02T06:51,-1.9461001642036173,UNKNOWN
2023-11-02T06:52,-1.9461001642036173,UNKNOWN
2023-11-02T06:53,-2.046100164203615,UNKNOWN
2023-11-02T06:54,-2.1461001642036166,UNKNOWN
2023-11-02T06:55,-2.1461001642036166,UNKNOWN
2023-11-02T06:56,-2.1461001642036166,UNKNOWN
2023-11-02T06:57,-2.1461001642036166,UNKNOWN
2023-11-02T06:58,-2.1461001642036166,UNKNOWN
2023-11-02T06:59,-2.1461001642036166,UNKNOWN
2023-11-02T07:00,-1.9461001642036173,UNKNOWN
2023-11-02T07:01,-1.9461001642036173,UNKNOWN
2023-11-02T07:02,-1.846100164203616,UNKNOWN
2023-11-02T07:03,-1.846100164203616,UNKNOWN
2023-11-02T07:04,-1.9461001642036173,UNKNOWN
2023-11-02T07:05,-1.9461001642036173,UNKNOWN
2023-11-02T07:06,-2.046100164203615,UNKNOWN
2023-11-02T07:07,-2.1461001642036166,UNKNOWN
2023-11-02T07:08,-2.1461001642036166,UNKNOWN
2023-11-02T07:09,-2.246100164203618,UNKNOWN
2023-11-02T07:10,-2.246100164203618,UNKNOWN
2023-11-02T07:11,-2.346100164203616,UNKNOWN
2023-11-02T07:12,-2.346100164203616,UNKNOWN
2023-11-02T07:13,-2.346100164203616,UNKNOWN
2023-11-02T07:14,-2.346100164203616,UNKNOWN
2023-11-02T07:15,-2.346100164203616,UNKNOWN
2023-11-02T07:16,-2.1461001642036166,UNKNOWN
2023-11-02T07:17,-2.046100164203615,UNKNOWN
2023-11-02T07:18,-1.9461001642036173,UNKNOWN
2023-11-02T07:19,-1.746100164203618,UNKNOWN
2023-11-02T07:20,-1.6461001642036166,UNKNOWN
2023-11-02T07:21,-1.5461001642036152,UNKNOWN
2023-11-02T07:22,-1.4461001642036173,UNKNOWN
2023-11-02T07:23,-1.4461001642036173,UNKNOWN
2023-11-02T07:24,-1.346100164203616,UNKNOWN
2023-11-02T07:25,-1.246100164203618,UNKNOWN
2023-11-02T07:26,-1.0461001642036152,UNKNOWN
2023-11-02T07:27,-0.9461001642036173,UNKNOWN
2023-11-02T07:28,-0.8461001642036159,UNKNOWN
2023-11-02T07:29,-0.746100164203618,UNKNOWN
2023-11-02T07:30,-0.746100164203618,UNKNOWN
2023-11-02T07:31,-0.6461001642036166,UNKNOWN
2023-11-02T07:32,-0.6461001642036166,UNKNOWN
2023-11-02T07:33,-0.6461001642036166,UNKNOWN
2023-11-02T07:34,-0.6461001642036166,UNKNOWN
2023-11-02T07:35,-0.6461001642036166,UNKNOWN
2023-11-02T07:36,-0.6461001642036166,UNKNOWN
2023-11-02T07:37,-0.746100164203618,UNKNOWN
2023-11-02T07:38,-1.1461001642036166,UNKNOWN
2023-11-02T07:39,-1.246100164203618,UNKNOWN
2023-11-02T07:40,-1.1461001642036166,UNKNOWN
2023-11-02T07:41,-1.1461001642036166,UNKNOWN
2023-11-02T07:42,-0.8461001642036159,UNKNOWN
2023-11-02T07:43,-0.6461001642036166,UNKNOWN
2023-11-02T07:44,-0.4461001642036173,UNKNOWN
2023-11-02T07:45,-0.3461001642036159,UNKNOWN
2023-11-02T07:46,-0.24610016420361802,UNKNOWN
2023-11-02T07:47,-0.1461001642036166,UNKNOWN
2023-11-02T07:48,0.05389983579638624,UNKNOWN
2023-11-02T07:49,0.15389983579638056,UNKNOWN
2023-11-02T07:50,0.15389983579638056,UNKNOWN
2023-11-02T07:51,0.253899835796382,UNKNOWN
2023-11-02T07:52,0.3538998357963834,UNKNOWN
2023-11-02T07:53,0.3538998357963834,UNKNOWN
2023-11-02T07:54,0.4538998357963848,UNKNOWN
2023-11-02T07:55,0.5538998357963862,UNKNOWN
2023-11-02T07:56,0.5538998357963862,UNKNOWN
2023-11-02T07:57,0.6538998357963806,UNKNOWN
2023-11-02T07:58,0.6538998357963806,UNKNOWN
2023-11-02T07:59,0.6538998357963806,UNKNOWN
2023-11-02T08:00,0.753899835796382,UNKNOWN
2023-11-02T08:01,0.5538998357963862,UNKNOWN
2023-11-02T08:02,0.253899835796382,UNKNOWN
2023-11-02T08:03,0.15389983579638056,UNKNOWN
2023-11-02T08:04,0.05389983579638624,UNKNOWN
2023-11-02T08:05,0.05389983579638624,UNKNOWN
2023-11-02T08:06,-0.1461001642036166,UNKNOWN
2023-11-02T08:07,-0.24610016420361802,UNKNOWN
2023-11-02T08:08,-0.24610016420361802,UNKNOWN
2023-11-02T08:09,-0.1461001642036166,UNKNOWN
2023-11-02T08:10,-0.04610016420361518,UNKNOWN
2023-11-02T08:11,-0.04610016420361518,UNKNOWN
2023-11-02T08:12,-0.1461001642036166,UNKNOWN
2023-11-02T08:13,-0.1461001642036166,UNKNOWN
2023-11-02T08:14,-0.1461001642036166,UNKNOWN
2023-11-02T08:15,-0.1461001642036166,UNKNOWN
2023-11-02T08:16,-0.04610016420361518,UNKNOWN
2023-11-02T08:17,0.05389983579638624,UNKNOWN
2023-11-02T08:18,0.15389983579638056,UNKNOWN
2023-11-02T08:19,0.15389983579638056,UNKNOWN
2023-11-02T08:20,-0.1461001642036166,UNKNOWN
2023-11-02T08:21,-0.6461001642036166,UNKNOWN
2023-11-02T08:22,-1.1461001642036166,UNKNOWN
2023-11-02T08:23,-1.5461001642036152,UNKNOWN
2023-11-02T08:24,-1.746100164203618,UNKNOWN
2023-11-02T08:25,-1.9461001642036173,UNKNOWN
2023-11-02T08:26,-2.1461001642036166,UNKNOWN
2023-11-02T08:27,-2.1461001642036166,UNKNOWN
2023-11-02T08:28,-2.1461001642036166,UNKNOWN
2023-11-02T08:29,-2.1461001642036166,UNKNOWN
2023-11-02T08:30,-2.046100164203615,UNKNOWN
2023-11-02T08:31,-1.9461001642036173,UNKNOWN
2023-11-02T08:32,-2.046100164203615,UNKNOWN
2023-11-02T08:33,-2.1461001642036166,UNKNOWN
2023-11-02T08:34,-2.246100164203618,UNKNOWN
2023-11-02T08:35,-2.246100164203618,UNKNOWN
2023-11-02T08:36,-2.1461001642036166,UNKNOWN
2023-11-02T08:37,-2.1461001642036166,UNKNOWN
2023-11-02T08:38,-2.1461001642036166,UNKNOWN
2023-11-02T08:39,-2.246100164203618,UNKNOWN
2023-11-02T08:40,-2.4461001642036173,UNKNOWN
2023-11-02T08:41,-2.6461001642036166,UNKNOWN
2023-11-02T08:42,-2.6461001642036166,UNKNOWN
2023-11-02T08:43,-2.546100164203615,UNKNOWN
2023-11-02T08:44,-2.4461001642036173,UNKNOWN
2023-11-02T08:45,-2.4461001642036173,UNKNOWN
2023-11-02T08:46,-2.346100164203616,UNKNOWN
2023-11-02T08:47,-2.4461001642036173,UNKNOWN
2023-11-02T08:48,-2.4461001642036173,UNKNOWN
2023-11-02T08:49,-2.6461001642036166,UNKNOWN
2023-11-02T08:50,-2.746100164203618,UNKNOWN
2023-11-02T08:51,-2.846100164203616,UNKNOWN
2023-11-02T08:52,-2.9461001642036173,UNKNOWN
2023-11-02T08:53,-2.9461001642036173,UNKNOWN
2023-11-02T08:54,-2.9461001642036173,UNKNOWN
2023-11-02T08:55,-3.046100164203615,UNKNOWN
2023-11-02T08:56,-2.9461001642036173,UNKNOWN
2023-11-02T08:57,-2.9461001642036173,UNKNOWN
2023-11-02T08:58,-3.046100164203615,UNKNOWN
2023-11-02T08:59,-3.246100164203618,UNKNOWN
2023-11-02T09:00,-3.546100164203615,UNKNOWN
2023-11-02T09:01,-3.9461001642036173,UNKNOWN
2023-11-02T09:02,-4.246100164203618,UNKNOWN
2023-11-02T09:03,-4.546100164203615,UNKNOWN
2023-11-02T09:04,-4.746100164203618,UNKNOWN
2023-11-02T09:05,-4.846100164203616,UNKNOWN
2023-11-02T09:06,-4.846100164203616,UNKNOWN
2023-11-02T09:07,-4.946100164203617,UNKNOWN
2023-11-02T09:08,-4.846100164203616,UNKNOWN
2023-11-02T09:09,-4.846100164203616,UNKNOWN
2023-11-02T09:10,-4.746100164203618,UNKNOWN
2023-11-02T09:11,-4.646100164203617,UNKNOWN
2023-11-02T09:12,-4.446100164203617,UNKNOWN
2023-11-02T09:13,-4.246100164203618,UNKNOWN
2023-11-02T09:14,-4.046100164203615,UNKNOWN
2023-11-02T09:15,-3.746100164203618,UNKNOWN
2023-11-02T09:16,-3.4461001642036173,UNKNOWN
2023-11-02T09:17,-3.246100164203618,UNKNOWN
2023-11-02T09:18,-3.1461001642036166,UNKNOWN
2023-11-02T09:19,-2.846100164203616,UNKNOWN
2023-11-02T09:20,-2.6461001642036166,UNKNOWN
2023-11-02T09:21,-2.4461001642036173,UNKNOWN
2023-11-02T09:22,-2.246100164203618,UNKNOWN
2023-11-02T09:23,-2.046100164203615,UNKNOWN
2023-11-02T09:24,-1.9461001642036173,UNKNOWN
2023-11-02T09:25,-1.746100164203618,UNKNOWN
2023-11-02T09:26,-1.5461001642036152,UNKNOWN
2023-11-02T09:27,-1.346100164203616,UNKNOWN
2023-11-02T09:28,-1.1461001642036166,UNKNOWN
2023-11-02T09:29,-1.0461001642036152,UNKNOWN
2023-11-02T09:30,-0.9461001642036173,UNKNOWN
2023-11-02T09:31,-0.8461001642036159,UNKNOWN
2023-11-02T09:32,-0.8461001642036159,UNKNOWN
2023-11-02T09:33,-0.746100164203618,UNKNOWN
2023-11-02T09:34,-0.746100164203618,UNKNOWN
2023-11-02T09:35,-0.746100164203618,UNKNOWN
2023-11-02T09:36,-0.746100164203618,UNKNOWN
2023-11-02T09:37,-0.746100164203618,UNKNOWN
2023-11-02T09:38,-0.746100164203618,UNKNOWN
2023-11-02T09:39,-0.746100164203618,UNKNOWN
2023-11-02T09:40,-0.746100164203618,UNKNOWN
2023-11-02T09:41,-0.746100164203618,UNKNOWN
2023-11-02T09:42,-0.746100164203618,UNKNOWN
2023-11-02T09:43,-0.6461001642036166,UNKNOWN
2023-11-02T09:44,-0.6461001642036166,UNKNOWN
2023-11-02T09:45,-0.746100164203618,UNKNOWN
2023-11-02T09:46,-0.6461001642036166,UNKNOWN
2023-11-02T09:47,-0.746100164203618,UNKNOWN
2023-11-02T09:48,-0.746100164203618,UNKNOWN
2023-11-02T09:49,-0.746100164203618,UNKNOWN
2023-11-02T09:50,-0.746100164203618,UNKNOWN
2023-11-02T09:51,-0.6461001642036166,UNKNOWN
2023-11-02T09:52,-0.6461001642036166,UNKNOWN
2023-11-02T09:53,-0.6461001642036166,UNKNOWN
2023-11-02T09:54,-0.6461001642036166,UNKNOWN
2023-11-02T09:55,-0.6461001642036166,UNKNOWN
2023-11-02T09:56,-0.5461001642036152,UNKNOWN
2023-11-02T09:57,-0.5461001642036152,UNKNOWN
2023-11-02T09:58,-0.4461001642036173,UNKNOWN
2023-11-02T09:59,-0.3461001642036159,UNKNOWN
2023-11-02T10:00,-0.3461001642036159,UNKNOWN
2023-11-02T10:01,-0.24610016420361802,UNKNOWN
2023-11-02T10:02,-0.24610016420361802,UNKNOWN
2023-11-02T10:03,-0.24610016420361802,UNKNOWN
2023-11-02T10:04,-0.3461001642036159,UNKNOWN
2023-11-02T10:05,-0.3461001642036159,UNKNOWN
2023-11-02T10:06,-0.5461001642036152,UNKNOWN
2023-11-02T10:07,-0.6461001642036166,UNKNOWN
2023-11-02T10:08,-0.746100164203618,UNKNOWN
2023-11-02T10:09,-0.8461001642036159,UNKNOWN
2023-11-02T10:10,-1.0461001642036152,UNKNOWN
2023-11-02T10:11,-1.1461001642036166,UNKNOWN
2023-11-02T10:12,-1.346100164203616,UNKNOWN
2023-11-02T10:13,-1.4461001642036173,UNKNOWN
2023-11-02T10:14,-1.6461001642036166,UNKNOWN
2023-11-02T10:15,-1.6461001642036166,UNKNOWN
2023-11-02T10:16,-1.6461001642036166,UNKNOWN
2023-11-02T10:17,-1.6461001642036166,UNKNOWN
2023-11-02T10:18,-1.6461001642036166,UNKNOWN
2023-11-02T10:19,-1.6461001642036166,UNKNOWN
2023-11-02T10:20,-1.6461001642036166,UNKNOWN
2023-11-02T10:21,-1.6461001642036166,UNKNOWN
2023-11-02T10:22,-1.746100164203618,UNKNOWN
2023-11-02T10:23,-1.846100164203616,UNKNOWN
2023-11-02T10:24,-1.9461001642036173,UNKNOWN
2023-11-02T10:25,-2.046100164203615,UNKNOWN
2023-11-02T10:26,-2.1461001642036166,UNKNOWN
2023-11-02T10:27,-2.1461001642036166,UNKNOWN
2023-11-02T10:28,-2.246100164203618,UNKNOWN
2023-11-02T10:29,-2.346100164203616,UNKNOWN
2023-11-02T10:30,-2.346100164203616,UNKNOWN
2023-11-02T10:31,-2.346100164203616,UNKNOWN
2023-11-02T10:32,-2.4461001642036173,UNKNOWN
2023-11-02T10:33,-2.546100164203615,UNKNOWN
2023-11-02T10:34,-2.6461001642036166,UNKNOWN
2023-11-02T10:35,-2.846100164203616,UNKNOWN
2023-11-02T10:36,-2.9461001642036173,UNKNOWN
2023-11-02T10:37,-3.046100164203615,UNKNOWN
2023-11-02T10:38,-3.046100164203615,UNKNOWN
2023-11-02T10:39,-3.1461001642036166,UNKNOWN
2023-11-02T10:40,-3.046100164203615,UNKNOWN
2023-11-02T10:41,-3.1461001642036166,UNKNOWN
2023-11-02T10:42,-3.246100164203618,UNKNOWN
2023-11-02T10:43,-3.346100164203616,UNKNOWN
2023-11-02T10:44,-3.346100164203616,UNKNOWN
2023-11-02T10:45,-3.4461001642036173,UNKNOWN
2023-11-02T10:46,-3.546100164203615,UNKNOWN
2023-11-02T10:47,-3.546100164203615,UNKNOWN
2023-11-02T10:48,-3.6461001642036166,UNKNOWN
2023-11-02T10:49,-3.746100164203618,UNKNOWN
2023-11-02T10:50,-3.746100164203618,UNKNOWN
2023-11-02T10:51,-3.9461001642036173,UNKNOWN
2023-11-02T10:52,-4.146100164203617,UNKNOWN
2023-11-02T10:53,-4.346100164203616,UNKNOWN
2023-11-02T10:54,-4.346100164203616,UNKNOWN
2023-11-02T10:55,-4.346100164203616,UNKNOWN
2023-11-02T10:56,-4.246100164203618,UNKNOWN
2023-11-02T10:57,-4.146100164203617,UNKNOWN
2023-11-02T10:58,-4.146100164203617,UNKNOWN
2023-11-02T10:59,-4.146100164203617,UNKNOWN
2023-11-02T11:00,-4.146100164203617,UNKNOWN
2023-11-02T11:01,-4.046100164203615,UNKNOWN
2023-11-02T11:02,-4.046100164203615,UNKNOWN
2023-11-02T11:03,-4.046100164203615,UNKNOWN
2023-11-02T11:04,-4.046100164203615,UNKNOWN
2023-11-02T11:05,-3.9461001642036173,UNKNOWN
2023-11-02T11:06,-3.9461001642036173,UNKNOWN
2023-11-02T11:07,-3.9461001642036173,UNKNOWN
2023-11-02T11:08,-3.846100164203616,UNKNOWN
2023-11-02T11:09,-3.846100164203616,UNKNOWN
2023-11-02T11:10,-3.746100164203618,UNKNOWN
2023-11-02T11:11,-3.746100164203618,UNKNOWN
2023-11-02T11:12,-3.6461001642036166,UNKNOWN
2023-11-02T11:13,-3.6461001642036166,UNKNOWN
2023-11-02T11:14,-3.6461001642036166,UNKNOWN
2023-11-02T11:15,-3.6461001642036166,UNKNOWN
2023-11-02T11:16,-3.6461001642036166,UNKNOWN
2023-11-02T11:17,-3.546100164203615,UNKNOWN
2023-11-02T11:18,-3.546100164203615,UNKNOWN
2023-11-02T11:19,-3.546100164203615,UNKNOWN
2023-11-02T11:20,-3.4461001642036173,UNKNOWN
2023-11-02T11:21,-3.4461001642036173,UNKNOWN
2023-11-02T11:22,-3.4461001642036173,UNKNOWN
2023-11-02T11:23,-3.346100164203616,UNKNOWN
2023-11-02T11:24,-3.346100164203616,UNKNOWN
2023-11-02T11:25,-3.346100164203616,UNKNOWN
2023-11-02T11:26,-3.346100164203616,UNKNOWN
2023-11-02T11:27,-3.246100164203618,UNKNOWN
2023-11-02T11:28,-3.246100164203618,UNKNOWN
2023-11-02T11:29,-3.246100164203618,UNKNOWN
2023-11-02T11:30,-3.1461001642036166,UNKNOWN
2023-11-02T11:31,-3.1461001642036166,UNKNOWN
2023-11-02T11:32,-3.046100164203615,UNKNOWN
2023-11-02T11:33,-2.9461001642036173,UNKNOWN
2023-11-02T11:34,-2.9461001642036173,UNKNOWN
2023-11-02T11:35,-2.9461001642036173,UNKNOWN
2023-11-02T11:36,-3.046100164203615,UNKNOWN
2023-11-02T11:37,-3.246100164203618,UNKNOWN
2023-11-02T11:38,-3.346100164203616,UNKNOWN
2023-11-02T11:39,-3.4461001642036173,UNKNOWN
2023-11-02T11:40,-3.546100164203615,UNKNOWN
2023-11-02T11:41,-3.546100164203615,UNKNOWN
2023-11-02T11:42,-3.6461001642036166,UNKNOWN
2023-11-02T11:43,-3.746100164203618,UNKNOWN
2023-11-02T11:44,-3.746100164203618,UNKNOWN
2023-11-02T11:45,-3.846100164203616,UNKNOWN
2023-11-02T11:46,-3.746100164203618,UNKNOWN
2023-11-02T11:47,-3.746100164203618,UNKNOWN
2023-11-02T11:48,-3.846100164203616,UNKNOWN
2023-11-02T11:49,-3.9461001642036173,UNKNOWN
2023-11-02T11:50,-3.9461001642036173,UNKNOWN
2023-11-02T11:51,-3.846100164203616,UNKNOWN
2023-11-02T11:52,-3.9461001642036173,UNKNOWN
2023-11-02T11:53,-3.9461001642036173,UNKNOWN
2023-11-02T11:54,-3.9461001642036173,UNKNOWN
2023-11-02T11:55,-3.9461001642036173,UNKNOWN
2023-11-02T11:56,-3.9461001642036173,UNKNOWN
2023-11-02T11:57,-3.9461001642036173,UNKNOWN
2023-11-02T11:58,-4.046100164203615,UNKNOWN
2023-11-02T11:59,-4.046100164203615,UNKNOWN
2023-11-02T12:00,-3.9461001642036173,UNKNOWN
2023-11-02T12:01,-4.046100164203615,UNKNOWN
2023-11-02T12:02,-4.046100164203615,UNKNOWN
2023-11-02T12:03,-4.046100164203615,UNKNOWN
2023-11-02T12:04,-4.046100164203615,UNKNOWN
2023-11-02T12:05,-4.146100164203617,UNKNOWN
2023-11-02T12:06,-3.9461001642036173,UNKNOWN
2023-11-02T12:07,-3.9461001642036173,UNKNOWN
2023-11-02T12:08,-3.846100164203616,UNKNOWN
2023-11-02T12:09,-3.846100164203616,UNKNOWN
2023-11-02T12:10,-3.846100164203616,UNKNOWN
2023-11-02T12:11,-3.846100164203616,UNKNOWN
2023-11-02T12:12,-3.9461001642036173,UNKNOWN
2023-11-02T12:13,-3.846100164203616,UNKNOWN
2023-11-02T12:14,-3.9461001642036173,UNKNOWN
2023-11-02T12:15,-3.9461001642036173,UNKNOWN
2023-11-02T12:16,-3.9461001642036173,UNKNOWN
2023-11-02T12:17,-4.046100164203615,UNKNOWN
2023-11-02T12:18,-4.146100164203617,UNKNOWN
2023-11-02T12:19,-4.146100164203617,UNKNOWN
2023-11-02T12:20,-4.246100164203618,UNKNOWN
2023-11-02T12:21,-4.346100164203616,UNKNOWN
2023-11-02T12:22,-4.346100164203616,UNKNOWN
2023-11-02T12:23,-4.346100164203616,UNKNOWN
2023-11-02T12:24,-4.246100164203618,UNKNOWN
2023-11-02T12:25,-4.146100164203617,UNKNOWN
2023-11-02T12:26,-4.146100164203617,UNKNOWN
2023-11-02T12:27,-4.146100164203617,UNKNOWN
2023-11-02T12:28,-4.046100164203615,UNKNOWN
2023-11-02T12:29,-3.9461001642036173,UNKNOWN
2023-11-02T12:30,-3.9461001642036173,UNKNOWN
2023-11-02T12:31,-3.846100164203616,UNKNOWN
2023-11-02T12:32,-3.746100164203618,UNKNOWN
2023-11-02T12:33,-3.746100164203618,UNKNOWN
2023-11-02T12:34,-3.746100164203618,UNKNOWN
2023-11-02T12:35,-3.6461001642036166,UNKNOWN
2023-11-02T12:36,-3.6461001642036166,UNKNOWN
2023-11-02T12:37,-3.746100164203618,UNKNOWN
2023-11-02T12:38,-3.746100164203618,UNKNOWN
2023-11-02T12:39,-3.6461001642036166,UNKNOWN
2023-11-02T12:40,-3.546100164203615,UNKNOWN
2023-11-02T12:41,-3.546100164203615,UNKNOWN
2023-11-02T12:42,-3.546100164203615,UNKNOWN
2023-11-02T12:43,-3.4461001642036173,UNKNOWN
2023-11-02T12:44,-3.4461001642036173,UNKNOWN
2023-11-02T12:45,-3.4461001642036173,UNKNOWN
2023-11-02T12:46,-3.346100164203616,UNKNOWN
2023-11-02T12:47,-3.346100164203616,UNKNOWN
2023-11-02T12:48,-3.346100164203616,UNKNOWN
2023-11-02T12:49,-3.4461001642036173,UNKNOWN
2023-11-02T12:50,-3.4461001642036173,UNKNOWN
2023-11-02T12:51,-3.546100164203615,UNKNOWN
2023-11-02T12:52,-3.6461001642036166,UNKNOWN
2023-11-02T12:53,-3.746100164203618,UNKNOWN
2023-11-02T12:54,-3.746100164203618,UNKNOWN
2023-11-02T12:55,-3.6461001642036166,UNKNOWN
2023-11-02T12:56,-3.6461001642036166,UNKNOWN
2023-11-02T12:57,-3.6461001642036166,UNKNOWN
2023-11-02T12:58,-3.546100164203615,UNKNOWN
2023-11-02T12:59,-3.546100164203615,UNKNOWN
2023-11-02T13:00,-3.4461001642036173,UNKNOWN
2023-11-02T13:01,-3.346100164203616,UNKNOWN
2023-11-02T13:02,-3.346100164203616,UNKNOWN
2023-11-02T13:03,-3.246100164203618,UNKNOWN
2023-11-02T13:04,-3.1461001642036166,UNKNOWN
2023-11-02T13:05,-3.246100164203618,UNKNOWN
2023-11-02T13:06,-3.1461001642036166,UNKNOWN
2023-11-02T13:07,-3.1461001642036166,UNKNOWN
2023-11-02T13:08,-3.1461001642036166,UNKNOWN
2023-11-02T13:09,-3.346100164203616,UNKNOWN
2023-11-02T13:10,-3.4461001642036173,UNKNOWN
2023-11-02T13:11,-3.4461001642036173,UNKNOWN
2023-11-02T13:12,-3.4461001642036173,UNKNOWN
2023-11-02T13:13,-3.4461001642036173,UNKNOWN
2023-11-02T13:14,-3.4461001642036173,UNKNOWN
2023-11-02T13:15,-3.4461001642036173,UNKNOWN
2023-11-02T13:16,-3.546100164203615,UNKNOWN
2023-11-02T13:17,-3.4461001642036173,UNKNOWN
2023-11-02T13:18,-3.346100164203616,UNKNOWN
2023-11-02T13:19,-3.346100164203616,UNKNOWN
2023-11-02T13:20,-3.246100164203618,UNKNOWN
2023-11-02T13:21,-3.246100164203618,UNKNOWN
2023-11-02T13:22,-3.246100164203618,UNKNOWN
2023-11-02T13:23,-3.346100164203616,UNKNOWN
2023-11-02T13:24,-3.346100164203616,UNKNOWN
2023-11-02T13:25,-3.346100164203616,UNKNOWN
2023-11-02T13:26,-3.346100164203616,UNKNOWN
2023-11-02T13:27,-3.246100164203618,UNKNOWN
2023-11-02T13:28,-3.1461001642036166,UNKNOWN
2023-11-02T13:29,-3.046100164203615,UNKNOWN
2023-11-02T13:30,-3.046100164203615,UNKNOWN
2023-11-02T13:31,-3.046100164203615,UNKNOWN
2023-11-02T13:32,-3.046100164203615,UNKNOWN
2023-11-02T13:33,-2.9461001642036173,UNKNOWN
2023-11-02T13:34,-2.9461001642036173,UNKNOWN
2023-11-02T13:35,-2.746100164203618,UNKNOWN
2023-11-02T13:36,-2.746100164203618,UNKNOWN
2023-11-02T13:37,-2.746100164203618,UNKNOWN
2023-11-02T13:38,-2.6461001642036166,UNKNOWN
2023-11-02T13:39,-2.546100164203615,UNKNOWN
2023-11-02T13:40,-2.546100164203615,UNKNOWN
2023-11-02T13:41,-2.6461001642036166,UNKNOWN
2023-11-02T13:42,-2.746100164203618,UNKNOWN
2023-11-02T13:43,-2.746100164203618,UNKNOWN
2023-11-02T13:44,-2.6461001642036166,UNKNOWN
2023-11-02T13:45,-2.6461001642036166,UNKNOWN
2023-11-02T13:46,-2.6461001642036166,UNKNOWN
2023-11-02T13:47,-2.546100164203615,UNKNOWN
2023-11-02T13:48,-2.546100164203615,UNKNOWN
2023-11-02T13:49,-2.4461001642036173,UNKNOWN
2023-11-02T13:50,-2.346100164203616,UNKNOWN
2023-11-02T13:51,-2.1461001642036166,UNKNOWN
2023-11-02T13:52,-1.846100164203616,UNKNOWN
2023-11-02T13:53,-1.6461001642036166,UNKNOWN
2023-11-02T13:54,-1.4461001642036173,UNKNOWN
2023-11-02T13:55,-1.4461001642036173,UNKNOWN
2023-11-02T13:56,-1.346100164203616,UNKNOWN
2023-11-02T13:57,-1.246100164203618,UNKNOWN
2023-11-02T13:58,-1.246100164203618,UNKNOWN
2023-11-02T13:59,-1.246100164203618,UNKNOWN
2023-11-02T14:00,-1.246100164203618,UNKNOWN
2023-11-02T14:01,-1.346100164203616,UNKNOWN
2023-11-02T14:02,-1.346100164203616,UNKNOWN
2023-11-02T14:03,-1.4461001642036173,UNKNOWN
2023-11-02T14:04,-1.4461001642036173,UNKNOWN
2023-11-02T14:05,-1.5461001642036152,UNKNOWN
2023-11-02T14:06,-1.5461001642036152,UNKNOWN
2023-11-02T14:07,-1.5461001642036152,UNKNOWN
2023-11-02T14:08,-1.5461001642036152,UNKNOWN
2023-11-02T14:09,-1.6461001642036166,UNKNOWN
2023-11-02T14:10,-1.6461001642036166,UNKNOWN
2023-11-02T14:11,-1.6461001642036166,UNKNOWN
2023-11-02T14:12,-1.746100164203618,UNKNOWN
2023-11-02T14:13,-1.9461001642036173,UNKNOWN
2023-11-02T14:14,-2.1461001642036166,UNKNOWN
2023-11-02T14:15,-2.346100164203616,UNKNOWN
2023-11-02T14:16,-2.546100164203615,UNKNOWN
2023-11-02T14:17,-2.746100164203618,UNKNOWN
2023-11-02T14:18,-2.9461001642036173,UNKNOWN
2023-11-02T14:19,-3.1461001642036166,UNKNOWN
2023-11-02T14:20,-3.246100164203618,UNKNOWN
2023-11-02T14:21,-3.246100164203618,UNKNOWN
2023-11-02T14:22,-3.246100164203618,UNKNOWN
2023-11-02T14:23,-3.346100164203616,UNKNOWN
2023-11-02T14:24,-3.4461001642036173,UNKNOWN
2023-11-02T14:25,-3.546100164203615,UNKNOWN
2023-11-02T14:26,-3.546100164203615,UNKNOWN
2023-11-02T14:27,-3.546100164203615,UNKNOWN
2023-11-02T14:28,-3.6461001642036166,UNKNOWN
2023-11-02T14:29,-3.746100164203618,UNKNOWN
2023-11-02T14:30,-3.746100164203618,UNKNOWN
2023-11-02T14:31,-3.746100164203618,UNKNOWN
2023-11-02T14:32,-3.746100164203618,UNKNOWN
2023-11-02T14:33,-3.846100164203616,UNKNOWN
2023-11-02T14:34,-3.846100164203616,UNKNOWN
2023-11-02T14:35,-3.846100164203616,UNKNOWN
2023-11-02T14:36,-3.9461001642036173,UNKNOWN
2023-11-02T14:37,-3.9461001642036173,UNKNOWN
2023-11-02T14:38,-4.046100164203615,UNKNOWN
2023-11-02T14:39,-4.146100164203617,UNKNOWN
2023-11-02T14:40,-4.146100164203617,UNKNOWN
2023-11-02T14:41,-4.146100164203617,UNKNOWN
2023-11-02T14:42,-4.146100164203617,UNKNOWN
2023-11-02T14:43,-4.146100164203617,UNKNOWN
2023-11-02T14:44,-4.046100164203615,UNKNOWN
2023-11-02T14:45,-3.9461001642036173,UNKNOWN
2023-11-02T14:46,-3.846100164203616,UNKNOWN
2023-11-02T14:47,-3.846100164203616,UNKNOWN
2023-11-02T14:48,-3.846100164203616,UNKNOWN
2023-11-02T14:49,-3.746100164203618,UNKNOWN
2023-11-02T14:50,-3.746100164203618,UNKNOWN
2023-11-02T14:51,-3.746100164203618,UNKNOWN
2023-11-02T14:52,-3.746100164203618,UNKNOWN
2023-11-02T14:53,-3.746100164203618,UNKNOWN
2023-11-02T14:54,-3.746100164203618,UNKNOWN
2023-11-02T14:55,-3.846100164203616,UNKNOWN
2023-11-02T14:56,-3.846100164203616,UNKNOWN
2023-11-02T14:57,-3.846100164203616,UNKNOWN
2023-11-02T14:58,-3.846100164203616,UNKNOWN
2023-11-02T14:59,-3.9461001642036173,UNKNOWN
2023-11-02T15:00,-3.9461001642036173,UNKNOWN
2023-11-02T15:01,-4.046100164203615,UNKNOWN
2023-11-02T15:02,-4.046100164203615,UNKNOWN
2023-11-02T15:03,-4.046100164203615,UNKNOWN
2023-11-02T15:04,-4.046100164203615,UNKNOWN
2023-11-02T15:05,-3.746100164203618,UNKNOWN
2023-11-02T15:06,-3.346100164203616,UNKNOWN
2023-11-02T15:07,-2.9461001642036173,UNKNOWN
2023-11-02T15:08,-2.6461001642036166,UNKNOWN
2023-11-02T15:09,-2.346100164203616,UNKNOWN
2023-11-02T15:10,-2.1461001642036166,UNKNOWN
2023-11-02T15:11,-1.9461001642036173,UNKNOWN
2023-11-02T15:12,-1.9461001642036173,UNKNOWN
2023-11-02T15:13,-1.9461001642036173,UNKNOWN
2023-11-02T15:14,-2.1461001642036166,UNKNOWN
2023-11-02T15:15,-2.546100164203615,UNKNOWN
2023-11-02T15:16,-2.9461001642036173,UNKNOWN
2023-11-02T15:17,-3.346100164203616,UNKNOWN
2023-11-02T15:18,-3.746100164203618,UNKNOWN
2023-11-02T15:19,-3.9461001642036173,UNKNOWN
2023-11-02T15:20,-4.046100164203615,UNKNOWN
2023-11-02T15:21,-4.346100164203616,UNKNOWN
2023-11-02T15:22,-4.446100164203617,UNKNOWN
2023-11-02T15:23,-4.346100164203616,UNKNOWN
2023-11-02T15:24,-4.146100164203617,UNKNOWN
2023-11-02T15:25,-3.9461001642036173,UNKNOWN
2023-11-02T15:26,-3.746100164203618,UNKNOWN
2023-11-02T15:27,-3.546100164203615,UNKNOWN
2023-11-02T15:28,-3.4461001642036173,UNKNOWN
2023-11-02T15:29,-3.346100164203616,UNKNOWN
2023-11-02T15:30,-3.246100164203618,UNKNOWN
2023-11-02T15:31,-3.046100164203615,UNKNOWN
2023-11-02T15:32,-2.846100164203616,UNKNOWN
2023-11-02T15:33,-2.6461001642036166,UNKNOWN
2023-11-02T15:34,-2.4461001642036173,UNKNOWN
2023-11-02T15:35,-2.4461001642036173,UNKNOWN
2023-11-02T15:36,-2.246100164203618,UNKNOWN
2023-11-02T15:37,-2.1461001642036166,UNKNOWN
2023-11-02T15:38,-1.9461001642036173,UNKNOWN
2023-11-02T15:39,-1.846100164203616,UNKNOWN
2023-11-02T15:40,-1.746100164203618,UNKNOWN
2023-11-02T15:41,-1.6461001642036166,UNKNOWN
2023-11-02T15:42,-1.4461001642036173,UNKNOWN
2023-11-02T15:43,-1.246100164203618,UNKNOWN
2023-11-02T15:44,-1.1461001642036166,UNKNOWN
2023-11-02T15:45,-1.1461001642036166,UNKNOWN
2023-11-02T15:46,-1.1461001642036166,UNKNOWN
2023-11-02T15:47,-1.1461001642036166,UNKNOWN
2023-11-02T15:48,-0.9461001642036173,UNKNOWN
2023-11-02T15:49,-0.9461001642036173,UNKNOWN
2023-11-02T15:50,-0.8461001642036159,UNKNOWN
2023-11-02T15:51,-0.746100164203618,UNKNOWN
2023-11-02T15:52,-0.8461001642036159,UNKNOWN
2023-11-02T15:53,-0.8461001642036159,UNKNOWN
2023-11-02T15:54,-0.8461001642036159,UNKNOWN
2023-11-02T15:55,-0.9461001642036173,UNKNOWN
2023-11-02T15:56,-1.0461001642036152,UNKNOWN
2023-11-02T15:57,-1.1461001642036166,UNKNOWN
2023-11-02T15:58,-1.1461001642036166,UNKNOWN
2023-11-02T15:59,-1.1461001642036166,UNKNOWN
2023-11-02T16:00,-1.4461001642036173,UNKNOWN
2023-11-02T16:01,-1.5461001642036152,UNKNOWN
2023-11-02T16:02,-1.5461001642036152,UNKNOWN
2023-11-02T16:03,-1.6461001642036166,UNKNOWN
2023-11-02T16:04,-1.6461001642036166,UNKNOWN
2023-11-02T16:05,-1.5461001642036152,UNKNOWN
2023-11-02T16:06,-1.4461001642036173,UNKNOWN
2023-11-02T16:07,-1.4461001642036173,UNKNOWN
2023-11-02T16:08,-1.5461001642036152,UNKNOWN
2023-11-02T16:09,-1.6461001642036166,UNKNOWN
2023-11-02T16:10,-1.6461001642036166,UNKNOWN
2023-11-02T16:11,-1.746100164203618,UNKNOWN
2023-11-02T16:12,-1.6461001642036166,UNKNOWN
2023-11-02T16:13,-1.5461001642036152,UNKNOWN
2023-11-02T16:14,-1.346100164203616,UNKNOWN
2023-11-02T16:15,-1.1461001642036166,UNKNOWN
2023-11-02T16:16,-1.1461001642036166,UNKNOWN
2023-11-02T16:17,-1.246100164203618,UNKNOWN
2023-11-02T16:18,-1.346100164203616,UNKNOWN
2023-11-02T16:19,-1.346100164203616,UNKNOWN
2023-11-02T16:20,-1.346100164203616,UNKNOWN
2023-11-02T16:21,-1.346100164203616,UNKNOWN
2023-11-02T16:22,-1.4461001642036173,UNKNOWN
2023-11-02T16:23,-1.5461001642036152,UNKNOWN
2023-11-02T16:24,-1.6461001642036166,UNKNOWN
2023-11-02T16:25,-1.746100164203618,UNKNOWN
2023-11-02T16:26,-1.9461001642036173,UNKNOWN
2023-11-02T16:27,-1.9461001642036173,UNKNOWN
2023-11-02T16:28,-2.1461001642036166,UNKNOWN
2023-11-02T16:29,-2.346100164203616,UNKNOWN
2023-11-02T16:30,-2.4461001642036173,UNKNOWN
2023-11-02T16:31,-2.6461001642036166,UNKNOWN
2023-11-02T16:32,-2.746100164203618,UNKNOWN
2023-11-02T16:33,-2.9461001642036173,UNKNOWN
2023-11-02T16:34,-3.046100164203615,UNKNOWN
2023-11-02T16:35,-3.246100164203618,UNKNOWN
2023-11-02T16:36,-3.346100164203616,UNKNOWN
2023-11-02T16:37,-3.4461001642036173,UNKNOWN
2023-11-02T16:38,-3.6461001642036166,UNKNOWN
2023-11-02T16:39,-3.746100164203618,UNKNOWN
2023-11-02T16:40,-3.9461001642036173,UNKNOWN
2023-11-02T16:41,-4.046100164203615,UNKNOWN
2023-11-02T16:42,-4.146100164203617,UNKNOWN
2023-11-02T16:43,-4.346100164203616,UNKNOWN
2023-11-02T16:44,-4.446100164203617,UNKNOWN
2023-11-02T16:45,-4.646100164203617,UNKNOWN
2023-11-02T16:46,-4.746100164203618,UNKNOWN
2023-11-02T16:47,-4.846100164203616,UNKNOWN
2023-11-02T16:48,-4.846100164203616,UNKNOWN
2023-11-02T16:49,-4.746100164203618,UNKNOWN
2023-11-02T16:50,-4.646100164203617,UNKNOWN
2023-11-02T16:51,-4.446100164203617,UNKNOWN
2023-11-02T16:52,-4.146100164203617,UNKNOWN
2023-11-02T16:53,-3.9461001642036173,UNKNOWN
2023-11-02T16:54,-3.6461001642036166,UNKNOWN
2023-11-02T16:55,-3.346100164203616,UNKNOWN
2023-11-02T16:56,-3.1461001642036166,UNKNOWN
2023-11-02T16:57,-2.9461001642036173,UNKNOWN
2023-11-02T16:58,-2.846100164203616,UNKNOWN
2023-11-02T16:59,-2.6461001642036166,UNKNOWN
2023-11-02T17:00,-2.546100164203615,UNKNOWN
2023-11-02T17:01,-2.4461001642036173,UNKNOWN
2023-11-02T17:02,-2.346100164203616,UNKNOWN
2023-11-02T17:03,-2.246100164203618,UNKNOWN
2023-11-02T17:04,-2.1461001642036166,UNKNOWN
2023-11-02T17:05,-2.1461001642036166,UNKNOWN
2023-11-02T17:06,-2.046100164203615,UNKNOWN
2023-11-02T17:07,-2.046100164203615,UNKNOWN
2023-11-02T17:08,-2.046100164203615,UNKNOWN
2023-11-02T17:09,-1.9461001642036173,UNKNOWN
2023-11-02T17:10,-1.9461001642036173,UNKNOWN
2023-11-02T17:11,-1.746100164203618,UNKNOWN
2023-11-02T17:12,-1.746100164203618,UNKNOWN
2023-11-02T17:13,-1.746100164203618,UNKNOWN
2023-11-02T17:14,-1.746100164203618,UNKNOWN
2023-11-02T17:15,-1.6461001642036166,UNKNOWN
2023-11-02T17:16,-1.6461001642036166,UNKNOWN
2023-11-02T17:17,-1.6461001642036166,UNKNOWN
2023-11-02T17:18,-1.746100164203618,UNKNOWN
2023-11-02T17:19,-1.746100164203618,UNKNOWN
2023-11-02T17:20,-1.746100164203618,UNKNOWN
2023-11-02T17:21,-1.846100164203616,UNKNOWN
2023-11-02T17:22,-1.846100164203616,UNKNOWN
2023-11-02T17:23,-1.746100164203618,UNKNOWN
2023-11-02T17:24,-1.746100164203618,UNKNOWN
2023-11-02T17:25,-1.746100164203618,UNKNOWN
2023-11-02T17:26,-1.746100164203618,UNKNOWN
2023-11-02T17:27,-1.746100164203618,UNKNOWN
2023-11-02T17:28,-1.746100164203618,UNKNOWN
2023-11-02T17:29,-1.6461001642036166,UNKNOWN
2023-11-02T17:30,-1.6461001642036166,UNKNOWN
2023-11-02T17:31,-1.6461001642036166,UNKNOWN
2023-11-02T17:32,-1.6461001642036166,UNKNOWN
2023-11-02T17:33,-1.6461001642036166,UNKNOWN
2023-11-02T17:34,-1.6461001642036166,UNKNOWN
2023-11-02T17:35,-1.6461001642036166,UNKNOWN
2023-11-02T17:36,-1.6461001642036166,UNKNOWN
2023-11-02T17:37,-1.6461001642036166,UNKNOWN
2023-11-02T17:38,-1.6461001642036166,UNKNOWN
2023-11-02T17:39,-1.6461001642036166,UNKNOWN
2023-11-02T17:40,-1.6461001642036166,UNKNOWN
2023-11-02T17:41,-1.6461001642036166,UNKNOWN
2023-11-02T17:42,-1.6461001642036166,UNKNOWN
2023-11-02T17:43,-1.6461001642036166,UNKNOWN
2023-11-02T17:44,-1.6461001642036166,UNKNOWN
2023-11-02T17:45,-1.6461001642036166,UNKNOWN
2023-11-02T17:46,-1.746100164203618,UNKNOWN
2023-11-02T17:47,-1.846100164203616,UNKNOWN
2023-11-02T17:48,-1.6461001642036166,UNKNOWN
2023-11-02T17:49,-1.6461001642036166,UNKNOWN
2023-11-02T17:50,-1.6461001642036166,UNKNOWN
2023-11-02T17:51,-1.246100164203618,UNKNOWN
2023-11-02T17:52,-1.246100164203618,UNKNOWN
2023-11-02T17:53,-1.4461001642036173,UNKNOWN
2023-11-02T17:54,-1.5461001642036152,UNKNOWN
2023-11-02T17:55,-1.6461001642036166,UNKNOWN
2023-11-02T17:56,-1.6461001642036166,UNKNOWN
2023-11-02T17:57,-1.6461001642036166,UNKNOWN
2023-11-02T17:58,-1.746100164203618,UNKNOWN
2023-11-02T17:59,-1.746100164203618,UNKNOWN
2023-11-02T18:00,-1.746100164203618,UNKNOWN
2023-11-02T18:01,-1.9461001642036173,UNKNOWN
2023-11-02T18:02,-2.046100164203615,UNKNOWN
2023-11-02T18:03,-2.046100164203615,UNKNOWN
2023-11-02T18:04,-2.046100164203615,UNKNOWN
2023-11-02T18:05,-2.246100164203618,UNKNOWN
2023-11-02T18:06,-2.346100164203616,UNKNOWN
2023-11-02T18:07,-2.4461001642036173,UNKNOWN
2023-11-02T18:08,-2.4461001642036173,UNKNOWN
2023-11-02T18:09,-2.4461001642036173,UNKNOWN
2023-11-02T18:10,-2.346100164203616,UNKNOWN
2023-11-02T18:11,-2.346100164203616,UNKNOWN
2023-11-02T18:12,-2.4461001642036173,UNKNOWN
2023-11-02T18:13,-2.346100164203616,UNKNOWN
2023-11-02T18:14,-2.346100164203616,UNKNOWN
2023-11-02T18:15,-2.346100164203616,UNKNOWN
2023-11-02T18:16,-2.4461001642036173,UNKNOWN
2023-11-02T18:17,-2.4461001642036173,UNKNOWN
2023-11-02T18:18,-2.546100164203615,UNKNOWN
2023-11-02T18:19,-2.546100164203615,UNKNOWN
2023-11-02T18:20,-2.6461001642036166,UNKNOWN
2023-11-02T18:21,-2.6461001642036166,UNKNOWN
2023-11-02T18:22,-2.746100164203618,UNKNOWN
2023-11-02T18:23,-2.746100164203618,UNKNOWN
2023-11-02T18:24,-2.846100164203616,UNKNOWN
2023-11-02T18:25,-2.846100164203616,UNKNOWN
2023-11-02T18:26,-2.9461001642036173,UNKNOWN
2023-11-02T18:27,-2.9461001642036173,UNKNOWN
2023-11-02T18:28,-2.9461001642036173,UNKNOWN
2023-11-02T18:29,-3.046100164203615,UNKNOWN
2023-11-02T18:30,-3.1461001642036166,UNKNOWN
2023-11-02T18:31,-3.246100164203618,UNKNOWN
2023-11-02T18:32,-3.4461001642036173,UNKNOWN
2023-11-02T18:33,-3.6461001642036166,UNKNOWN
2023-11-02T18:34,-3.746100164203618,UNKNOWN
2023-11-02T18:35,-3.746100164203618,UNKNOWN
2023-11-02T18:36,-3.746100164203618,UNKNOWN
2023-11-02T18:37,-3.746100164203618,UNKNOWN
2023-11-02T18:38,-3.546100164203615,UNKNOWN
2023-11-02T18:39,-3.546100164203615,UNKNOWN
2023-11-02T18:40,-3.546100164203615,UNKNOWN
2023-11-02T18:41,-3.4461001642036173,UNKNOWN
2023-11-02T18:42,-3.346100164203616,UNKNOWN
2023-11-02T18:43,-3.346100164203616,UNKNOWN
2023-11-02T18:44,-3.346100164203616,UNKNOWN
2023-11-02T18:45,-3.346100164203616,UNKNOWN
2023-11-02T18:46,-3.346100164203616,UNKNOWN
2023-11-02T18:47,-3.4461001642036173,UNKNOWN
2023-11-02T18:48,-3.4461001642036173,UNKNOWN
2023-11-02T18:49,-3.4461001642036173,UNKNOWN
2023-11-02T18:50,-3.546100164203615,UNKNOWN
2023-11-02T18:51,-3.546100164203615,UNKNOWN
2023-11-02T18:52,-3.746100164203618,UNKNOWN
2023-11-02T18:53,-3.746100164203618,UNKNOWN
2023-11-02T18:54,-3.846100164203616,UNKNOWN
2023-11-02T18:55,-3.846100164203616,UNKNOWN
2023-11-02T18:56,-3.846100164203616,UNKNOWN
2023-11-02T18:57,-3.846100164203616,UNKNOWN
2023-11-02T18:58,-3.6461001642036166,UNKNOWN
2023-11-02T18:59,-3.546100164203615,UNKNOWN
2023-11-02T19:00,-3.4461001642036173,UNKNOWN
2023-11-02T19:01,-3.346100164203616,UNKNOWN
2023-11-02T19:02,-3.246100164203618,UNKNOWN
2023-11-02T19:03,-3.346100164203616,UNKNOWN
2023-11-02T19:04,-3.346100164203616,UNKNOWN
2023-11-02T19:05,-3.4461001642036173,UNKNOWN
2023-11-02T19:06,-3.546100164203615,UNKNOWN
2023-11-02T19:07,-3.6461001642036166,UNKNOWN
2023-11-02T19:08,-3.746100164203618,UNKNOWN
2023-11-02T19:09,-3.746100164203618,UNKNOWN
2023-11-02T19:10,-3.746100164203618,UNKNOWN
2023-11-02T19:11,-3.746100164203618,UNKNOWN
2023-11-02T19:12,-3.846100164203616,UNKNOWN
2023-11-02T19:13,-3.9461001642036173,UNKNOWN
2023-11-02T19:14,-3.9461001642036173,UNKNOWN
2023-11-02T19:15,-3.9461001642036173,UNKNOWN
2023-11-02T19:16,-3.9461001642036173,UNKNOWN
2023-11-02T19:17,-3.9461001642036173,UNKNOWN
2023-11-02T19:18,-3.746100164203618,UNKNOWN
2023-11-02T19:19,-3.6461001642036166,UNKNOWN
2023-11-02T19:20,-3.546100164203615,UNKNOWN
2023-11-02T19:21,-3.346100164203616,UNKNOWN
2023-11-02T19:22,-3.246100164203618,UNKNOWN
2023-11-02T19:23,-3.246100164203618,UNKNOWN
2023-11-02T19:24,-3.246100164203618,UNKNOWN
2023-11-02T19:25,-3.246100164203618,UNKNOWN
2023-11-02T19:26,-3.246100164203618,UNKNOWN
2023-11-02T19:27,-3.246100164203618,UNKNOWN
2023-11-02T19:28,-3.246100164203618,UNKNOWN
2023-11-02T19:29,-3.246100164203618,UNKNOWN
2023-11-02T19:30,-3.1461001642036166,UNKNOWN
2023-11-02T19:31,-3.046100164203615,UNKNOWN
2023-11-02T19:32,-2.9461001642036173,UNKNOWN
2023-11-02T19:33,-2.9461001642036173,UNKNOWN
2023-11-02T19:34,-2.9461001642036173,UNKNOWN
2023-11-02T19:35,-2.9461001642036173,UNKNOWN
2023-11-02T19:36,-2.846100164203616,UNKNOWN
2023-11-02T19:37,-2.746100164203618,UNKNOWN
2023-11-02T19:38,-2.846100164203616,UNKNOWN
2023-11-02T19:39,-2.846100164203616,UNKNOWN
2023-11-02T19:40,-2.846100164203616,UNKNOWN
2023-11-02T19:41,-2.9461001642036173,UNKNOWN
2023-11-02T19:42,-2.9461001642036173,UNKNOWN
2023-11-02T19:43,-3.046100164203615,UNKNOWN
2023-11-02T19:44,-3.046100164203615,UNKNOWN
2023-11-02T19:45,-3.046100164203615,UNKNOWN
2023-11-02T19:46,-2.9461001642036173,UNKNOWN
2023-11-02T19:47,-2.9461001642036173,UNKNOWN
2023-11-02T19:48,-2.846100164203616,UNKNOWN
2023-11-02T19:49,-2.846100164203616,UNKNOWN
2023-11-02T19:50,-2.846100164203616,UNKNOWN
2023-11-02T19:51,-2.846100164203616,UNKNOWN
2023-11-02T19:52,-2.746100164203618,UNKNOWN
2023-11-02T19:53,-2.846100164203616,UNKNOWN
2023-11-02T19:54,-2.846100164203616,UNKNOWN
2023-11-02T19:55,-2.846100164203616,UNKNOWN
2023-11-02T19:56,-2.9461001642036173,UNKNOWN
2023-11-02T19:57,-2.9461001642036173,UNKNOWN
2023-11-02T19:58,-3.046100164203615,UNKNOWN
2023-11-02T19:59,-3.246100164203618,UNKNOWN
2023-11-02T20:00,-3.246100164203618,UNKNOWN
2023-11-02T20:01,-3.346100164203616,UNKNOWN
2023-11-02T20:02,-3.346100164203616,UNKNOWN
2023-11-02T20:03,-3.346100164203616,UNKNOWN
2023-11-02T20:04,-3.346100164203616,UNKNOWN
2023-11-02T20:05,-3.346100164203616,UNKNOWN
2023-11-02T20:06,-3.346100164203616,UNKNOWN
2023-11-02T20:07,-3.246100164203618,UNKNOWN
2023-11-02T20:08,-3.1461001642036166,UNKNOWN
2023-11-02T20:09,-2.9461001642036173,UNKNOWN
2023-11-02T20:10,-2.9461001642036173,UNKNOWN
2023-11-02T20:11,-2.9461001642036173,UNKNOWN
2023-11-02T20:12,-2.746100164203618,UNKNOWN
2023-11-02T20:13,-2.6461001642036166,UNKNOWN
2023-11-02T20:14,-2.546100164203615,UNKNOWN
2023-11-02T20:15,-2.6461001642036166,UNKNOWN
2023-11-02T20:16,-2.6461001642036166,UNKNOWN
2023-11-02T20:17,-2.6461001642036166,UNKNOWN
2023-11-02T20:18,-2.546100164203615,UNKNOWN
2023-11-02T20:19,-2.4461001642036173,UNKNOWN
2023-11-02T20:20,-2.4461001642036173,UNKNOWN
2023-11-02T20:21,-2.546100164203615,UNKNOWN
2023-11-02T20:22,-2.4461001642036173,UNKNOWN
2023-11-02T20:23,-2.4461001642036173,UNKNOWN
2023-11-02T20:24,-2.6461001642036166,UNKNOWN
2023-11-02T20:25,-2.746100164203618,UNKNOWN
2023-11-02T20:26,-2.846100164203616,UNKNOWN
2023-11-02T20:27,-2.846100164203616,UNKNOWN
2023-11-02T20:28,-2.746100164203618,UNKNOWN
2023-11-02T20:29,-2.6461001642036166,UNKNOWN
2023-11-02T20:30,-2.346100164203616,UNKNOWN
2023-11-02T20:31,-2.1461001642036166,UNKNOWN
2023-11-02T20:32,-2.1461001642036166,UNKNOWN
2023-11-02T20:33,-2.1461001642036166,UNKNOWN
2023-11-02T20:34,-2.1461001642036166,UNKNOWN
2023-11-02T20:35,-2.1461001642036166,UNKNOWN
2023-11-02T20:36,-2.1461001642036166,UNKNOWN
2023-11-02T20:37,-2.046100164203615,UNKNOWN
2023-11-02T20:38,-1.846100164203616,UNKNOWN
2023-11-02T20:39,-1.6461001642036166,UNKNOWN
2023-11-02T20:40,-1.4461001642036173,UNKNOWN
2023-11-02T20:41,-1.246100164203618,UNKNOWN
2023-11-02T20:42,-1.0461001642036152,UNKNOWN
2023-11-02T20:43,-0.9461001642036173,UNKNOWN
2023-11-02T20:44,-0.8461001642036159,UNKNOWN
2023-11-02T20:45,-0.746100164203618,UNKNOWN
2023-11-02T20:46,-0.6461001642036166,UNKNOWN
2023-11-02T20:47,-0.5461001642036152,UNKNOWN
2023-11-02T20:48,-0.6461001642036166,UNKNOWN
2023-11-02T20:49,-0.6461001642036166,UNKNOWN
2023-11-02T20:50,-0.746100164203618,UNKNOWN
2023-11-02T20:51,-0.9461001642036173,UNKNOWN
2023-11-02T20:52,-0.9461001642036173,UNKNOWN
2023-11-02T20:53,-0.9461001642036173,UNKNOWN
2023-11-02T20:54,-1.0461001642036152,UNKNOWN
2023-11-02T20:55,-1.1461001642036166,UNKNOWN
2023-11-02T20:56,-1.1461001642036166,UNKNOWN
2023-11-02T20:57,-1.1461001642036166,UNKNOWN
2023-11-02T20:58,-1.1461001642036166,UNKNOWN
2023-11-02T20:59,-1.346100164203616,UNKNOWN
2023-11-02T21:00,-1.346100164203616,UNKNOWN
2023-11-02T21:01,-1.4461001642036173,UNKNOWN
2023-11-02T21:02,-1.4461001642036173,UNKNOWN
2023-11-02T21:03,-1.5461001642036152,UNKNOWN
2023-11-02T21:04,-1.6461001642036166,UNKNOWN
2023-11-02T21:05,-1.6461001642036166,UNKNOWN
2023-11-02T21:06,-1.6461001642036166,UNKNOWN
2023-11-02T21:07,-1.5461001642036152,UNKNOWN
2023-11-02T21:08,-1.4461001642036173,UNKNOWN
2023-11-02T21:09,-1.346100164203616,UNKNOWN
2023-11-02T21:10,-1.4461001642036173,UNKNOWN
2023-11-02T21:11,-1.4461001642036173,UNKNOWN
2023-11-02T21:12,-1.4461001642036173,UNKNOWN
2023-11-02T21:13,-1.1461001642036166,UNKNOWN
2023-11-02T21:14,-0.8461001642036159,UNKNOWN
2023-11-02T21:15,-0.6461001642036166,UNKNOWN
2023-11-02T21:16,-0.5461001642036152,UNKNOWN
2023-11-02T21:17,-0.3461001642036159,UNKNOWN
2023-11-02T21:18,-0.24610016420361802,UNKNOWN
2023-11-02T21:19,-0.1461001642036166,UNKNOWN
2023-11-02T21:20,0.05389983579638624,UNKNOWN
2023-11-02T21:21,-0.04610016420361518,UNKNOWN
2023-11-02T21:22,0.05389983579638624,UNKNOWN
2023-11-02T21:23,0.3538998357963834,UNKNOWN
2023-11-02T21:24,0.6538998357963806,UNKNOWN
2023-11-02T21:25,0.8538998357963834,UNKNOWN
2023-11-02T21:26,0.9538998357963848,UNKNOWN
2023-11-02T21:27,0.8538998357963834,UNKNOWN
2023-11-02T21:28,0.5538998357963862,UNKNOWN
2023-11-02T21:29,0.3538998357963834,UNKNOWN
2023-11-02T21:30,0.15389983579638056,UNKNOWN
2023-11-02T21:31,-0.04610016420361518,UNKNOWN
2023-11-02T21:32,-0.1461001642036166,UNKNOWN
2023-11-02T21:33,-0.1461001642036166,UNKNOWN
2023-11-02T21:34,-0.04610016420361518,UNKNOWN
2023-11-02T21:35,0.15389983579638056,UNKNOWN
2023-11-02T21:36,0.3538998357963834,UNKNOWN
2023-11-02T21:37,0.3538998357963834,UNKNOWN
2023-11-02T21:38,0.253899835796382,UNKNOWN
2023-11-02T21:39,0.253899835796382,UNKNOWN
2023-11-02T21:40,0.15389983579638056,UNKNOWN
2023-11-02T21:41,0.15389983579638056,UNKNOWN
2023-11-02T21:42,0.15389983579638056,UNKNOWN
2023-11-02T21:43,0.15389983579638056,UNKNOWN
2023-11-02T21:44,0.15389983579638056,UNKNOWN
2023-11-02T21:45,0.3538998357963834,UNKNOWN
2023-11-02T21:46,0.15389983579638056,UNKNOWN
2023-11-02T21:47,-0.1461001642036166,UNKNOWN
2023-11-02T21:48,-0.3461001642036159,UNKNOWN
2023-11-02T21:49,-0.4461001642036173,UNKNOWN
2023-11-02T21:50,-0.4461001642036173,UNKNOWN
2023-11-02T21:51,-0.3461001642036159,UNKNOWN
2023-11-02T21:52,-0.3461001642036159,UNKNOWN
2023-11-02T21:53,-0.1461001642036166,UNKNOWN
2023-11-02T21:54,-0.04610016420361518,UNKNOWN
2023-11-02T21:55,-0.1461001642036166,UNKNOWN
2023-11-02T21:56,-0.1461001642036166,UNKNOWN
2023-11-02T21:57,-0.24610016420361802,UNKNOWN
2023-11-02T21:58,-0.24610016420361802,UNKNOWN
2023-11-02T21:59,-0.3461001642036159,UNKNOWN
2023-11-02T22:00,-0.3461001642036159,UNKNOWN
2023-11-02T22:01,-0.3461001642036159,UNKNOWN
2023-11-02T22:02,-0.3461001642036159,UNKNOWN
2023-11-02T22:03,-0.3461001642036159,UNKNOWN
2023-11-02T22:04,-0.3461001642036159,UNKNOWN
2023-11-02T22:05,-0.3461001642036159,UNKNOWN
2023-11-02T22:06,-0.3461001642036159,UNKNOWN
2023-11-02T22:07,-0.5461001642036152,UNKNOWN
2023-11-02T22:08,-0.5461001642036152,UNKNOWN
2023-11-02T22:09,-0.5461001642036152,UNKNOWN
2023-11-02T22:10,-0.5461001642036152,UNKNOWN
2023-11-02T22:11,-0.5461001642036152,UNKNOWN
2023-11-02T22:12,-0.4461001642036173,UNKNOWN
2023-11-02T22:13,-0.4461001642036173,UNKNOWN
2023-11-02T22:14,-0.3461001642036159,UNKNOWN
2023-11-02T22:15,-0.3461001642036159,UNKNOWN
2023-11-02T22:16,-0.24610016420361802,UNKNOWN
2023-11-02T22:17,-0.24610016420361802,UNKNOWN
2023-11-02T22:18,-0.1461001642036166,UNKNOWN
2023-11-02T22:19,-0.1461001642036166,UNKNOWN
2023-11-02T22:20,-0.1461001642036166,UNKNOWN
2023-11-02T22:21,-0.04610016420361518,UNKNOWN
2023-11-02T22:22,0.05389983579638624,UNKNOWN
2023-11-02T22:23,0.05389983579638624,UNKNOWN
2023-11-02T22:24,0.15389983579638056,UNKNOWN
2023-11-02T22:25,0.253899835796382,UNKNOWN
2023-11-02T22:26,0.253899835796382,UNKNOWN
2023-11-02T22:27,0.3538998357963834,UNKNOWN
2023-11-02T22:28,0.4538998357963848,UNKNOWN
2023-11-02T22:29,0.4538998357963848,UNKNOWN
2023-11-02T22:30,0.253899835796382,UNKNOWN
2023-11-02T22:31,-0.1461001642036166,UNKNOWN
2023-11-02T22:32,-0.6461001642036166,UNKNOWN
2023-11-02T22:33,-0.9461001642036173,UNKNOWN
2023-11-02T22:34,-1.346100164203616,UNKNOWN
2023-11-02T22:35,-1.346100164203616,UNKNOWN
2023-11-02T22:36,-1.346100164203616,UNKNOWN
2023-11-02T22:37,-1.4461001642036173,UNKNOWN
2023-11-02T22:38,-1.5461001642036152,UNKNOWN
2023-11-02T22:39,-1.6461001642036166,UNKNOWN
2023-11-02T22:40,-1.6461001642036166,UNKNOWN
2023-11-02T22:41,-1.6461001642036166,UNKNOWN
2023-11-02T22:42,-1.746100164203618,UNKNOWN
2023-11-02T22:43,-1.846100164203616,UNKNOWN
2023-11-02T22:44,-2.046100164203615,UNKNOWN
2023-11-02T22:45,-2.046100164203615,UNKNOWN
2023-11-02T22:46,-1.9461001642036173,UNKNOWN
2023-11-02T22:47,-1.9461001642036173,UNKNOWN
2023-11-02T22:48,-1.846100164203616,UNKNOWN
2023-11-02T22:49,-1.746100164203618,UNKNOWN
2023-11-02T22:50,-1.746100164203618,UNKNOWN
2023-11-02T22:51,-1.6461001642036166,UNKNOWN
2023-11-02T22:52,-1.6461001642036166,UNKNOWN
2023-11-02T22:53,-1.4461001642036173,UNKNOWN
2023-11-02T22:54,-1.4461001642036173,UNKNOWN
2023-11-02T22:55,-1.246100164203618,UNKNOWN
2023-11-02T22:56,-1.1461001642036166,UNKNOWN
2023-11-02T22:57,-1.0461001642036152,UNKNOWN
2023-11-02T22:58,-0.9461001642036173,UNKNOWN
2023-11-02T22:59,-0.746100164203618,UNKNOWN
2023-11-02T23:00,-0.6461001642036166,UNKNOWN
2023-11-02T23:01,-0.6461001642036166,UNKNOWN
2023-11-02T23:02,-0.5461001642036152,UNKNOWN
2023-11-02T23:03,-0.3461001642036159,UNKNOWN
2023-11-02T23:04,-0.3461001642036159,UNKNOWN
2023-11-02T23:05,-0.24610016420361802,UNKNOWN
2023-11-02T23:06,-0.3461001642036159,UNKNOWN
2023-11-02T23:07,-0.24610016420361802,UNKNOWN
2023-11-02T23:08,-0.1461001642036166,UNKNOWN
2023-11-02T23:09,-0.1461001642036166,UNKNOWN
2023-11-02T23:10,-0.04610016420361518,UNKNOWN
2023-11-02T23:11,0.05389983579638624,UNKNOWN
2023-11-02T23:12,0.05389983579638624,UNKNOWN
2023-11-02T23:13,0.05389983579638624,UNKNOWN
2023-11-02T23:14,-0.04610016420361518,UNKNOWN
2023-11-02T23:15,-0.1461001642036166,UNKNOWN
2023-11-02T23:16,-0.1461001642036166,UNKNOWN
2023-11-02T23:17,-0.1461001642036166,UNKNOWN
2023-11-02T23:18,-0.1461001642036166,UNKNOWN
2023-11-02T23:19,-0.04610016420361518,UNKNOWN
2023-11-02T23:20,-0.04610016420361518,UNKNOWN
2023-11-02T23:21,-0.04610016420361518,UNKNOWN
2023-11-02T23:22,0.05389983579638624,UNKNOWN
2023-11-02T23:23,0.05389983579638624,UNKNOWN
2023-11-02T23:24,0.05389983579638624,UNKNOWN
2023-11-02T23:25,-0.04610016420361518,UNKNOWN
2023-11-02T23:26,-0.1461001642036166,UNKNOWN
2023-11-02T23:27,-0.1461001642036166,UNKNOWN
2023-11-02T23:28,-0.1461001642036166,UNKNOWN
2023-11-02T23:29,0.05389983579638624,UNKNOWN
2023-11-02T23:30,0.05389983579638624,UNKNOWN
2023-11-02T23:31,0.05389983579638624,UNKNOWN
2023-11-02T23:32,0.05389983579638624,UNKNOWN
2023-11-02T23:33,-0.04610016420361518,UNKNOWN
2023-11-02T23:34,0.05389983579638624,UNKNOWN
2023-11-02T23:35,0.05389983579638624,UNKNOWN
2023-11-02T23:36,-0.04610016420361518,UNKNOWN
2023-11-02T23:37,0.05389983579638624,UNKNOWN
2023-11-02T23:38,0.15389983579638056,UNKNOWN
2023-11-02T23:39,0.15389983579638056,UNKNOWN
2023-11-02T23:40,0.253899835796382,UNKNOWN
2023-11-02T23:41,0.253899835796382,UNKNOWN
2023-11-02T23:42,0.3538998357963834,UNKNOWN
2023-11-02T23:43,0.3538998357963834,UNKNOWN
2023-11-02T23:44,0.253899835796382,UNKNOWN
2023-11-02T23:45,0.253899835796382,UNKNOWN
2023-11-02T23:46,0.253899835796382,UNKNOWN
2023-11-02T23:47,0.15389983579638056,UNKNOWN
2023-11-02T23:48,0.15389983579638056,UNKNOWN
2023-11-02T23:49,0.15389983579638056,UNKNOWN
2023-11-02T23:50,0.253899835796382,UNKNOWN
2023-11-02T23:51,0.253899835796382,UNKNOWN
2023-11-02T23:52,0.3538998357963834,UNKNOWN
2023-11-02T23:53,0.3538998357963834,UNKNOWN
2023-11-02T23:54,0.3538998357963834,UNKNOWN
2023-11-02T23:55,0.3538998357963834,UNKNOWN
2023-11-02T23:56,0.253899835796382,UNKNOWN
2023-11-02T23:57,0.15389983579638056,UNKNOWN
2023-11-02T23:58,0.05389983579638624,UNKNOWN
2023-11-02T23:59,0.05389983579638624,UNKNOWN