date_time,heart_zone_id,total_minutes
2023-11-01T08:37,FAT_BURN,1
2023-11-01T08:42,FAT_BURN,1
2023-11-01T08:45,FAT_BURN,1
2023-11-01T08:59,FAT_BURN,1
2023-11-01T09:00,FAT_BURN,1
2023-11-01T09:01,CARDIO,2
2023-11-01T09:02,CARDIO,2
2023-11-01T09:03,FAT_BURN,1
2023-11-01T09:04,CARDIO,2
2023-11-01T09:05,CARDIO,2
2023-11-01T09:06,FAT_BURN,1
2023-11-01T10:13,FAT_BURN,1
2023-11-01T10:14,FAT_BURN,1
2023-11-01T10:15,FAT_BURN,1
2023-11-01T10:20,FAT_BURN,1
2023-11-01T10:22,FAT_BURN,1
2023-11-01T10:23,FAT_BURN,1
2023-11-01T12:36,FAT_BURN,1
2023-11-01T12:37,FAT_BURN,1
2023-11-01T12:38,FAT_BURN,1
2023-11-01T12:39,FAT_BURN,1
2023-11-01T12:43,FAT_BURN,1
2023-11-01T12:44,FAT_BURN,1
2023-11-01T14:45,FAT_BURN,1
2023-11-01T14:46,FAT_BURN,1
2023-11-01T14:48,FAT_BURN,1
2023-11-01T14:49,FAT_BURN,1
2023-11-01T14:50,CARDIO,2
2023-11-01T14:56,FAT_BURN,1
2023-11-01T15:07,FAT_BURN,1
2023-11-01T16:24,FAT_BURN,1
2023-11-01T16:25,FAT_BURN,1
2023-11-01T16:42,FAT_BURN,1
2023-11-01T16:43,FAT_BURN,1
2023-11-01T16:46,FAT_BURN,1
2023-11-01T16:49,FAT_BURN,1
2023-11-01T16:50,FAT_BURN,1
2023-11-01T21:16,FAT_BURN,1
2023-11-01T21:17,FAT_BURN,1
2023-11-01T21:18,FAT_BURN,1
2023-11-01T21:39,FAT_BURN,1
2023-11-01T21:40,FAT_BURN,1
2023-11-01T21:41,FAT_BURN,1
2023-11-01T21:42,FAT_BURN,1
2023-11-01T21:43,FAT_BURN,1
2023-11-01T21:44,FAT_BURN,1
2023-11-01T21:45,FAT_BURN,1
2023-11-01T21:46,FAT_BURN,1
2023-11-01T21:47,FAT_BURN,1
2023-11-02T08:31,FAT_BURN,1
2023-11-02T08:32,FAT_BURN,1
2023-11-02T08:44,FAT_BURN,1
2023-11-02T08:45,FAT_BURN,1
2023-11-02T08:47,FAT_BURN,1
2023-11-02T08:58,FAT_BURN,1
2023-11-02T09:01,FAT_BURN,1
2023-11-02T09:02,FAT_BURN,1
2023-11-02T09:03,FAT_BURN,1
2023-11-02T09:04,FAT_BURN,1
2023-11-02T09:05,FAT_BURN,1
2023-11-02T09:06,FAT_BURN,1
2023-11-02T10:07,FAT_BURN,1
2023-11-02T10:31,FAT_BURN,1
2023-11-02T10:32,FAT_BURN,1
2023-11-02T10:33,FAT_BURN,1
2023-11-02T10:34,FAT_BURN,1
2023-11-02T10:35,FAT_BURN,1
2023-11-02T10:36,FAT_BURN,1
2023-11-02T10:37,FAT_BURN,1
2023-11-02T10:39,FAT_BURN,1
2023-11-02T10:43,FAT_BURN,1
2023-11-02T10:44,FAT_BURN,1
2023-11-02T10:45,FAT_BURN,1
2023-11-02T10:46,FAT_BURN,1
2023-11-02T10:47,FAT_BURN,1
2023-11-02T10:48,FAT_BURN,1
2023-11-02T10:49,FAT_BURN,1
2023-11-02T10:50,FAT_BURN,1
2023-11-02T14:12,FAT_BURN,1
2023-11-02T14:13,FAT_BURN,1
2023-11-02T14:14,FAT_BURN,1
2023-11-02T14:15,FAT_BURN,1
2023-11-02T14:16,FAT_BURN,1
2023-11-02T14:17,FAT_BURN,1
2023-11-02T14:18,FAT_BURN,1
2023-11-02T14:19,FAT_BURN,1
2023-11-02T14:20,FAT_BURN,1
2023-11-02T14:21,FAT_BURN,1
2023-11-02T14:22,FAT_BURN,1
2023-11-02T14:23,FAT_BURN,1
2023-11-02T14:25,FAT_BURN,1
2023-11-02T14:28,FAT_BURN,1
2023-11-02T14:35,FAT_BURN,1
2023-11-02T14:38,FAT_BURN,1
2023-11-02T15:12,FAT_BURN,1
2023-11-02T15:15,FAT_BURN,1
2023-11-02T15:16,FAT_BURN,1
2023-11-02T15:17,FAT_BURN,1
2023-11-02T15:18,FAT_BURN,1
2023-11-02T15:19,FAT_BURN,1
2023-11-02T15:20,FAT_BURN,1
2023-11-02T15:21,FAT_BURN,1
2023-11-02T16:01,FAT_BURN,1
2023-11-02T16:02,FAT_BURN,1
2023-11-02T16:11,FAT_BURN,1
2023-11-02T16:16,FAT_BURN,1
2023-11-02T16:29,FAT_BURN,1
2023-11-02T16:32,FAT_BURN,1
2023-11-02T16:35,FAT_BURN,1
2023-11-02T16:36,FAT_BURN,1
2023-11-02T22:30,FAT_BURN,1
2023-11-02T22:31,FAT_BURN,1
2023-11-02T22:32,FAT_BURN,1
2023-11-02T22:33,FAT_BURN,1
2023-11-02T22:34,FAT_BURN,1
2023-11-03T01:26,FAT_BURN,1
2023-11-03T01:27,FAT_BURN,1
2023-11-03T01:47,FAT_BURN,1
2023-11-03T08:25,FAT_BURN,1
2023-11-03T08:30,FAT_BURN,1
2023-11-03T08:33,FAT_BURN,1
2023-11-03T08:57,FAT_BURN,1
2023-11-03T08:59,FAT_BURN,1
2023-11-03T09:00,CARDIO,2
2023-11-03T09:01,FAT_BURN,1
2023-11-03T09:02,CARDIO,2
2023-11-03T09:03,FAT_BURN,1
2023-11-03T09:04,FAT_BURN,1
2023-11-03T09:05,FAT_BURN,1
2023-11-03T10:12,FAT_BURN,1
2023-11-03T10:13,FAT_BURN,1
2023-11-03T10:14,FAT_BURN,1
2023-11-03T10:15,FAT_BURN,1
2023-11-03T10:16,FAT_BURN,1
2023-11-03T10:17,FAT_BURN,1
2023-11-03T10:18,FAT_BURN,1
2023-11-03T10:19,FAT_BURN,1
2023-11-03T10:20,FAT_BURN,1
2023-11-03T10:21,FAT_BURN,1
2023-11-03T11:27,FAT_BURN,1
2023-11-03T11:28,FAT_BURN,1
2023-11-03T11:29,FAT_BURN,1
2023-11-03T11:30,FAT_BURN,1
2023-11-03T11:31,FAT_BURN,1
2023-11-03T11:32,FAT_BURN,1
2023-11-03T11:34,FAT_BURN,1
2023-11-03T11:36,FAT_BURN,1
2023-11-03T11:37,FAT_BURN,1
2023-11-03T12:31,FAT_BURN,1
2023-11-03T12:35,CARDIO,2
2023-11-03T12:36,CARDIO,2
2023-11-03T12:37,CARDIO,2
2023-11-03T12:38,CARDIO,2
2023-11-03T12:39,FAT_BURN,1
2023-11-03T12:40,FAT_BURN,1
2023-11-03T12:41,FAT_BURN,1
2023-11-03T12:42,FAT_BURN,1
2023-11-03T12:43,FAT_BURN,1
2023-11-03T14:59,FAT_BURN,1
2023-11-03T15:00,FAT_BURN,1
2023-11-03T15:01,FAT_BURN,1
2023-11-03T15:02,FAT_BURN,1
2023-11-03T15:03,FAT_BURN,1
2023-11-03T15:04,FAT_BURN,1
2023-11-03T15:21,FAT_BURN,1
2023-11-03T15:22,FAT_BURN,1
2023-11-03T15:23,FAT_BURN,1
2023-11-03T15:25,FAT_BURN,1
2023-11-03T15:26,FAT_BURN,1
2023-11-03T15:27,FAT_BURN,1
2023-11-03T15:30,FAT_BURN,1
2023-11-03T15:31,FAT_BURN,1
2023-11-03T15:32,FAT_BURN,1
2023-11-03T15:33,FAT_BURN,1
2023-11-03T15:34,FAT_BURN,1
2023-11-03T15:35,FAT_BURN,1
2023-11-03T15:36,FAT_BURN,1
2023-11-03T15:37,FAT_BURN,1
2023-11-03T15:38,FAT_BURN,1
2023-11-03T15:39,FAT_BURN,1
2023-11-03T15:40,FAT_BURN,1
2023-11-03T15:41,FAT_BURN,1
2023-11-03T16:05,FAT_BURN,1
2023-11-03T16:06,FAT_BURN,1
2023-11-03T16:07,FAT_BURN,1
2023-11-03T16:08,FAT_BURN,1
2023-11-03T16:09,FAT_BURN,1
2023-11-03T16:10,FAT_BURN,1
2023-11-03T16:11,FAT_BURN,1
2023-11-03T16:12,FAT_BURN,1
2023-11-03T16:14,FAT_BURN,1
2023-11-03T16:17,FAT_BURN,1
2023-11-03T16:18,FAT_BURN,1
2023-11-03T18:52,FAT_BURN,1
2023-11-03T18:53,FAT_BURN,1
2023-11-03T18:54,FAT_BURN,1
2023-11-03T18:57,FAT_BURN,1
2023-11-03T19:03,FAT_BURN,1
2023-11-03T19:04,FAT_BURN,1
2023-11-03T19:05,FAT_BURN,1
2023-11-03T19:06,FAT_BURN,1
2023-11-03T19:07,FAT_BURN,1
2023-11-03T19:43,FAT_BURN,1
2023-11-03T19:44,FAT_BURN,1
2023-11-03T19:45,FAT_BURN,1
2023-11-03T19:46,FAT_BURN,1
2023-11-03T19:47,FAT_BURN,1
2023-11-03T19:48,FAT_BURN,1
2023-11-03T19:49,FAT_BURN,1
2023-11-03T19:50,FAT_BURN,1
2023-11-03T19:51,FAT_BURN,1
2023-11-03T19:52,FAT_BURN,1
2023-11-03T19:53,FAT_BURN,1
2023-11-03T19:54,FAT_BURN,1
2023-11-03T19:55,FAT_BURN,1
2023-11-03T19:56,FAT_BURN,1
2023-11-03T19:57,FAT_BURN,1
2023-11-03T19:58,FAT_BURN,1
2023-11-03T19:59,CARDIO,2
2023-11-03T20:00,FAT_BURN,1
2023-11-03T20:01,FAT_BURN,1
2023-11-03T20:02,FAT_BURN,1
2023-11-03T20:03,FAT_BURN,1
2023-11-03T20:04,FAT_BURN,1
2023-11-03T20:05,FAT_BURN,1
2023-11-03T20:08,FAT_BURN,1
2023-11-03T20:09,FAT_BURN,1
2023-11-03T20:10,FAT_BURN,1
2023-11-03T20:11,FAT_BURN,1
2023-11-03T20:12,FAT_BURN,1
2023-11-03T20:13,FAT_BURN,1
2023-11-03T20:14,FAT_BURN,1
2023-11-03T20:23,FAT_BURN,1
2023-11-03T20:38,FAT_BURN,1
2023-11-03T20:39,FAT_BURN,1
2023-11-03T20:40,FAT_BURN,1
2023-11-03T20:42,FAT_BURN,1
2023-11-03T20:43,FAT_BURN,1
2023-11-03T20:44,FAT_BURN,1
2023-11-03T21:00,FAT_BURN,1
2023-11-03T21:01,FAT_BURN,1
2023-11-03T21:18,FAT_BURN,1
2023-11-03T21:28,FAT_BURN,1
2023-11-03T21:50,FAT_BURN,1
2023-11-03T22:03,FAT_BURN,1
2023-11-03T22:04,FAT_BURN,1
2023-11-03T22:07,FAT_BURN,1
2023-11-03T22:08,FAT_BURN,1
2023-11-03T22:09,FAT_BURN,1
2023-11-03T22:10,FAT_BURN,1
2023-11-03T22:25,FAT_BURN,1
2023-11-03T22:34,FAT_BURN,1
2023-11-03T22:35,FAT_BURN,1
2023-11-03T22:36,FAT_BURN,1
2023-11-03T22:37,FAT_BURN,1
2023-11-03T22:38,FAT_BURN,1
2023-11-03T22:39,FAT_BURN,1
2023-11-03T22:40,FAT_BURN,1
2023-11-03T22:41,FAT_BURN,1
2023-11-03T22:42,FAT_BURN,1
2023-11-03T22:43,FAT_BURN,1
2023-11-03T22:44,FAT_BURN,1
2023-11-03T22:45,FAT_BURN,1
2023-11-03T22:46,FAT_BURN,1
2023-11-03T22:47,FAT_BURN,1
2023-11-03T22:48,FAT_BURN,1
2023-11-03T22:49,CARDIO,2
2023-11-03T22:50,CARDIO,2
2023-11-03T22:51,CARDIO,2
2023-11-03T22:52,CARDIO,2
2023-11-03T22:53,CARDIO,2
2023-11-03T22:54,CARDIO,2
2023-11-03T22:55,CARDIO,2
2023-11-03T22:56,FAT_BURN,1
2023-11-03T22:57,FAT_BURN,1
2023-11-03T22:58,FAT_BURN,1
2023-11-03T22:59,FAT_BURN,1
2023-11-03T23:00,FAT_BURN,1
2023-11-03T23:01,CARDIO,2
2023-11-03T23:02,CARDIO,2
2023-11-03T23:03,CARDIO,2
2023-11-03T23:04,CARDIO,2
2023-11-03T23:05,CARDIO,2
2023-11-03T23:06,CARDIO,2
2023-11-03T23:07,FAT_BURN,1
2023-11-03T23:08,FAT_BURN,1
2023-11-03T23:09,FAT_BURN,1
2023-11-03T23:10,FAT_BURN,1
2023-11-03T23:11,FAT_BURN,1
2023-11-03T23:12,FAT_BURN,1
2023-11-03T23:13,FAT_BURN,1
2023-11-03T23:14,FAT_BURN,1
2023-11-03T23:15,FAT_BURN,1
2023-11-03T23:16,FAT_BURN,1
2023-11-03T23:17,FAT_BURN,1
2023-11-03T23:18,FAT_BURN,1
2023-11-03T23:19,FAT_BURN,1
2023-11-03T23:20,FAT_BURN,1
2023-11-03T23:21,FAT_BURN,1
2023-11-03T23:22,FAT_BURN,1
2023-11-03T23:23,FAT_BURN,1
2023-11-03T23:24,FAT_BURN,1
2023-11-03T23:26,FAT_BURN,1
2023-11-03T23:34,FAT_BURN,1
2023-11-03T23:35,FAT_BURN,1
2023-11-03T23:36,FAT_BURN,1
2023-11-03T23:37,FAT_BURN,1
2023-11-03T23:41,FAT_BURN,1
2023-11-03T23:42,FAT_BURN,1
2023-11-03T23:46,FAT_BURN,1
2023-11-03T23:47,FAT_BURN,1
2023-11-03T23:48,FAT_BURN,1
2023-11-03T23:49,FAT_BURN,1
2023-11-03T23:50,FAT_BURN,1
2023-11-03T23:51,FAT_BURN,1
2023-11-03T23:52,FAT_BURN,1
2023-11-03T23:53,FAT_BURN,1
2023-11-03T23:54,FAT_BURN,1
2023-11-03T23:55,FAT_BURN,1
2023-11-03T23:56,FAT_BURN,1
2023-11-03T23:57,FAT_BURN,1
2023-11-03T23:58,FAT_BURN,1
2023-11-03T23:59,FAT_BURN,1
2023-11-04T00:00,FAT_BURN,1
2023-11-04T00:01,FAT_BURN,1
2023-11-04T00:02,FAT_BURN,1
2023-11-04T00:03,FAT_BURN,1
2023-11-04T00:04,FAT_BURN,1
2023-11-04T00:05,FAT_BURN,1
2023-11-04T00:06,FAT_BURN,1
2023-11-04T00:07,FAT_BURN,1
2023-11-04T00:08,FAT_BURN,1
2023-11-04T00:09,FAT_BURN,1
2023-11-04T00:10,FAT_BURN,1
2023-11-04T00:11,FAT_BURN,1
2023-11-04T00:12,FAT_BURN,1
2023-11-04T00:13,FAT_BURN,1
2023-11-04T00:14,CARDIO,2
2023-11-04T00:15,CARDIO,2
2023-11-04T00:16,FAT_BURN,1
2023-11-04T00:17,FAT_BURN,1
2023-11-04T00:18,CARDIO,2
2023-11-04T00:19,FAT_BURN,1
2023-11-04T00:20,FAT_BURN,1
2023-11-04T00:21,FAT_BURN,1
2023-11-04T00:22,FAT_BURN,1
2023-11-04T00:23,FAT_BURN,1
2023-11-04T00:24,FAT_BURN,1
2023-11-04T00:25,FAT_BURN,1
2023-11-04T00:26,FAT_BURN,1
2023-11-04T00:27,FAT_BURN,1
2023-11-04T00:28,FAT_BURN,1
2023-11-04T00:29,FAT_BURN,1
2023-11-04T00:31,FAT_BURN,1
2023-11-04T00:32,FAT_BURN,1
2023-11-04T00:33,FAT_BURN,1
2023-11-04T00:34,FAT_BURN,1
2023-11-04T00:35,FAT_BURN,1
2023-11-04T00:36,FAT_BURN,1
2023-11-04T00:37,FAT_BURN,1
2023-11-04T00:38,FAT_BURN,1
2023-11-04T00:39,FAT_BURN,1
2023-11-04T00:40,FAT_BURN,1
2023-11-04T00:41,FAT_BURN,1
2023-11-04T00:44,FAT_BURN,1
2023-11-04T00:45,FAT_BURN,1
2023-11-04T00:46,CARDIO,2
2023-11-04T00:47,FAT_BURN,1
2023-11-04T00:48,FAT_BURN,1
2023-11-04T00:49,FAT_BURN,1
2023-11-04T00:50,FAT_BURN,1
2023-11-04T00:52,FAT_BURN,1
2023-11-04T00:53,CARDIO,2
2023-11-04T00:54,FAT_BURN,1
2023-11-04T00:58,FAT_BURN,1
2023-11-04T00:59,FAT_BURN,1
2023-11-04T01:00,FAT_BURN,1
2023-11-04T01:01,FAT_BURN,1
2023-11-04T01:03,FAT_BURN,1
2023-11-04T01:04,CARDIO,2
2023-11-04T01:05,FAT_BURN,1
2023-11-04T01:06,FAT_BURN,1
2023-11-04T01:07,FAT_BURN,1
2023-11-04T01:08,FAT_BURN,1
2023-11-04T01:09,FAT_BURN,1
2023-11-04T01:10,FAT_BURN,1
2023-11-04T01:11,FAT_BURN,1
2023-11-04T01:12,FAT_BURN,1
2023-11-04T01:13,CARDIO,2
2023-11-04T01:14,FAT_BURN,1
2023-11-04T01:15,FAT_BURN,1
2023-11-04T01:16,FAT_BURN,1
2023-11-04T01:17,FAT_BURN,1
2023-11-04T01:20,FAT_BURN,1
2023-11-04T01:25,FAT_BURN,1
2023-11-04T01:26,FAT_BURN,1
2023-11-04T01:27,FAT_BURN,1
2023-11-04T01:33,FAT_BURN,1
2023-11-04T01:55,FAT_BURN,1
2023-11-04T01:58,FAT_BURN,1
2023-11-04T01:59,FAT_BURN,1
2023-11-04T02:00,FAT_BURN,1
2023-11-04T02:01,FAT_BURN,1
2023-11-04T02:02,FAT_BURN,1
2023-11-04T02:03,FAT_BURN,1
2023-11-04T02:05,FAT_BURN,1
2023-11-04T02:06,FAT_BURN,1
2023-11-04T02:07,FAT_BURN,1
2023-11-04T02:08,FAT_BURN,1
2023-11-04T02:10,FAT_BURN,1
2023-11-04T02:11,FAT_BURN,1
2023-11-04T02:30,FAT_BURN,1
2023-11-04T02:31,FAT_BURN,1
2023-11-04T02:32,FAT_BURN,1
2023-11-04T02:33,FAT_BURN,1
2023-11-04T02:34,FAT_BURN,1
2023-11-04T11:20,FAT_BURN,1
2023-11-04T11:21,FAT_BURN,1
2023-11-04T11:22,FAT_BURN,1
2023-11-04T11:23,FAT_BURN,1
2023-11-04T11:24,FAT_BURN,1
2023-11-04T11:25,FAT_BURN,1
2023-11-04T11:27,FAT_BURN,1
2023-11-04T11:28,FAT_BURN,1
2023-11-04T11:29,FAT_BURN,1
2023-11-04T11:30,FAT_BURN,1
2023-11-04T11:31,FAT_BURN,1
2023-11-04T11:45,FAT_BURN,1
2023-11-04T11:46,FAT_BURN,1
2023-11-04T11:48,FAT_BURN,1
2023-11-04T11:49,FAT_BURN,1
2023-11-04T11:50,FAT_BURN,1
2023-11-04T11:52,FAT_BURN,1
2023-11-04T11:53,FAT_BURN,1
2023-11-04T11:54,FAT_BURN,1
2023-11-04T11:55,FAT_BURN,1
2023-11-04T12:44,FAT_BURN,1
2023-11-04T12:45,FAT_BURN,1
2023-11-04T12:46,FAT_BURN,1
2023-11-04T13:12,FAT_BURN,1
2023-11-04T13:13,FAT_BURN,1
2023-11-04T13:14,FAT_BURN,1
2023-11-04T15:07,FAT_BURN,1
2023-11-04T15:08,FAT_BURN,1
2023-11-04T15:09,FAT_BURN,1
2023-11-04T15:10,FAT_BURN,1
2023-11-04T15:11,FAT_BURN,1
2023-11-04T15:12,FAT_BURN,1
2023-11-04T15:13,FAT_BURN,1
2023-11-04T19:20,FAT_BURN,1
2023-11-04T19:21,FAT_BURN,1
2023-11-04T23:23,FAT_BURN,1
2023-11-04T23:36,FAT_BURN,1
2023-11-04T23:37,FAT_BURN,1
2023-11-04T23:43,FAT_BURN,1
2023-11-04T23:44,FAT_BURN,1
2023-11-04T23:45,FAT_BURN,1
2023-11-04T23:46,FAT_BURN,1
2023-11-04T23:47,FAT_BURN,1
2023-11-04T23:51,FAT_BURN,1
2023-11-04T23:52,FAT_BURN,1
2023-11-04T23:54,FAT_BURN,1
2023-11-04T23:55,FAT_BURN,1
2023-11-05T01:27,FAT_BURN,1
2023-11-05T01:28,FAT_BURN,1
2023-11-05T01:29,FAT_BURN,1
2023-11-05T01:30,FAT_BURN,1
2023-11-05T01:35,FAT_BURN,1
2023-11-05T01:36,FAT_BURN,1
2023-11-05T02:06,FAT_BURN,1
2023-11-05T02:07,FAT_BURN,1
2023-11-05T02:08,CARDIO,2
2023-11-05T02:11,FAT_BURN,1
2023-11-05T13:31,FAT_BURN,1
2023-11-05T13:50,FAT_BURN,1
2023-11-05T13:52,FAT_BURN,1
2023-11-05T15:42,FAT_BURN,1
2023-11-05T15:44,FAT_BURN,1
2023-11-05T15:45,FAT_BURN,1
2023-11-05T15:46,FAT_BURN,1
2023-11-05T15:47,CARDIO,2
2023-11-05T15:48,CARDIO,2
2023-11-05T15:49,FAT_BURN,1
2023-11-05T15:50,FAT_BURN,1
2023-11-05T15:51,FAT_BURN,1
2023-11-05T15:52,CARDIO,2
2023-11-05T15:53,FAT_BURN,1
2023-11-05T15:54,FAT_BURN,1
2023-11-05T15:55,FAT_BURN,1
2023-11-05T15:56,FAT_BURN,1
2023-11-05T15:57,FAT_BURN,1
2023-11-05T15:58,FAT_BURN,1
2023-11-05T15:59,FAT_BURN,1
2023-11-05T16:00,FAT_BURN,1
2023-11-05T16:01,FAT_BURN,1
2023-11-05T16:02,FAT_BURN,1
2023-11-05T16:03,FAT_BURN,1
2023-11-05T16:04,FAT_BURN,1
2023-11-05T16:05,FAT_BURN,1
2023-11-05T16:06,FAT_BURN,1
2023-11-05T16:07,FAT_BURN,1
2023-11-05T16:08,FAT_BURN,1
2023-11-05T16:09,FAT_BURN,1
2023-11-05T16:10,FAT_BURN,1
2023-11-05T16:20,FAT_BURN,1
2023-11-05T16:21,FAT_BURN,1
2023-11-05T16:22,FAT_BURN,1
2023-11-05T17:14,FAT_BURN,1
2023-11-05T17:15,FAT_BURN,1
2023-11-05T17:16,FAT_BURN,1
2023-11-05T17:17,FAT_BURN,1
2023-11-05T17:18,FAT_BURN,1
2023-11-05T17:55,FAT_BURN,1
2023-11-05T17:56,FAT_BURN,1
2023-11-05T17:57,FAT_BURN,1
2023-11-05T17:58,FAT_BURN,1
2023-11-05T17:59,FAT_BURN,1
2023-11-05T18:00,FAT_BURN,1
2023-11-05T18:01,FAT_BURN,1
2023-11-05T18:02,FAT_BURN,1
2023-11-05T18:04,FAT_BURN,1
2023-11-05T18:05,FAT_BURN,1
2023-11-05T20:18,FAT_BURN,1
2023-11-05T20:19,FAT_BURN,1
2023-11-05T20:33,FAT_BURN,1
2023-11-05T20:34,FAT_BURN,1
2023-11-06T08:39,FAT_BURN,1
2023-11-06T08:40,FAT_BURN,1
2023-11-06T08:41,FAT_BURN,1
2023-11-06T08:42,FAT_BURN,1
2023-11-06T08:59,FAT_BURN,1
2023-11-06T09:00,FAT_BURN,1
2023-11-06T09:01,FAT_BURN,1
2023-11-06T09:02,FAT_BURN,1
2023-11-06T09:03,FAT_BURN,1
2023-11-06T09:04,FAT_BURN,1
2023-11-06T09:05,FAT_BURN,1
2023-11-06T09:06,FAT_BURN,1
2023-11-06T09:07,FAT_BURN,1
2023-11-06T10:20,FAT_BURN,1
2023-11-06T10:24,FAT_BURN,1
2023-11-06T10:25,FAT_BURN,1
2023-11-06T10:26,FAT_BURN,1
2023-11-06T10:27,FAT_BURN,1
2023-11-06T10:28,FAT_BURN,1
2023-11-06T10:30,FAT_BURN,1
2023-11-06T10:31,FAT_BURN,1
2023-11-06T10:35,FAT_BURN,1
2023-11-06T12:18,FAT_BURN,1
2023-11-06T12:19,FAT_BURN,1
2023-11-06T12:20,FAT_BURN,1
2023-11-06T12:21,FAT_BURN,1
2023-11-06T12:22,FAT_BURN,1
2023-11-06T12:23,FAT_BURN,1
2023-11-06T12:24,FAT_BURN,1
2023-11-06T12:25,FAT_BURN,1
2023-11-06T12:26,FAT_BURN,1
2023-11-06T12:27,FAT_BURN,1
2023-11-06T12:28,FAT_BURN,1
2023-11-06T12:29,FAT_BURN,1
2023-11-06T12:30,FAT_BURN,1
2023-11-06T12:31,FAT_BURN,1
2023-11-06T12:32,FAT_BURN,1
2023-11-06T12:33,CARDIO,2
2023-11-06T12:34,FAT_BURN,1
2023-11-06T12:49,FAT_BURN,1
2023-11-06T12:50,FAT_BURN,1
2023-11-06T13:53,FAT_BURN,1
2023-11-06T13:54,FAT_BURN,1
2023-11-06T15:59,FAT_BURN,1
2023-11-06T16:00,FAT_BURN,1
2023-11-06T16:01,FAT_BURN,1
2023-11-06T16:02,FAT_BURN,1
2023-11-06T16:03,FAT_BURN,1
2023-11-06T16:04,FAT_BURN,1
2023-11-06T16:05,FAT_BURN,1
2023-11-06T16:06,FAT_BURN,1
2023-11-06T16:09,FAT_BURN,1
2023-11-06T16:10,FAT_BURN,1
2023-11-06T16:11,FAT_BURN,1
2023-11-06T16:12,FAT_BURN,1
2023-11-06T16:15,FAT_BURN,1
2023-11-06T16:16,FAT_BURN,1
2023-11-06T16:17,CARDIO,2
2023-11-06T16:18,FAT_BURN,1
2023-11-06T16:19,FAT_BURN,1
2023-11-06T16:20,FAT_BURN,1
2023-11-06T16:21,FAT_BURN,1
2023-11-06T16:25,FAT_BURN,1
2023-11-06T16:27,FAT_BURN,1
2023-11-06T16:30,FAT_BURN,1
2023-11-06T16:31,FAT_BURN,1
2023-11-06T16:32,FAT_BURN,1
2023-11-06T16:33,FAT_BURN,1
2023-11-06T16:34,FAT_BURN,1
2023-11-06T16:35,FAT_BURN,1
2023-11-06T16:40,FAT_BURN,1
2023-11-06T16:41,FAT_BURN,1
2023-11-06T16:42,FAT_BURN,1
2023-11-06T16:43,FAT_BURN,1
2023-11-06T16:44,FAT_BURN,1
2023-11-06T16:45,FAT_BURN,1
2023-11-06T16:46,FAT_BURN,1
2023-11-06T16:49,FAT_BURN,1
2023-11-06T16:50,FAT_BURN,1
2023-11-06T16:51,FAT_BURN,1
2023-11-06T16:52,FAT_BURN,1
2023-11-06T17:08,FAT_BURN,1
2023-11-06T17:09,FAT_BURN,1
2023-11-06T17:10,FAT_BURN,1
2023-11-06T17:11,FAT_BURN,1
2023-11-06T17:17,FAT_BURN,1
2023-11-06T17:18,FAT_BURN,1
2023-11-06T17:19,FAT_BURN,1
2023-11-06T17:20,CARDIO,2
2023-11-06T17:21,FAT_BURN,1
2023-11-06T17:22,FAT_BURN,1
2023-11-06T17:28,FAT_BURN,1
2023-11-06T17:29,FAT_BURN,1
2023-11-06T17:35,FAT_BURN,1
2023-11-06T17:38,FAT_BURN,1
2023-11-06T17:40,FAT_BURN,1
2023-11-06T17:41,FAT_BURN,1
2023-11-06T17:47,FAT_BURN,1
2023-11-06T17:48,FAT_BURN,1
2023-11-06T17:54,FAT_BURN,1
2023-11-06T17:55,FAT_BURN,1
2023-11-06T17:56,FAT_BURN,1
2023-11-06T17:57,FAT_BURN,1
2023-11-06T17:58,FAT_BURN,1
2023-11-06T17:59,FAT_BURN,1
2023-11-06T18:00,FAT_BURN,1
2023-11-06T18:01,FAT_BURN,1
2023-11-06T18:02,FAT_BURN,1
2023-11-06T18:03,FAT_BURN,1
2023-11-06T18:04,FAT_BURN,1
2023-11-06T18:05,FAT_BURN,1
2023-11-06T18:06,FAT_BURN,1
2023-11-06T18:07,FAT_BURN,1
2023-11-06T18:47,FAT_BURN,1
2023-11-06T18:48,FAT_BURN,1
2023-11-06T18:49,FAT_BURN,1
2023-11-06T18:57,FAT_BURN,1
2023-11-06T18:58,CARDIO,2
2023-11-06T18:59,FAT_BURN,1
2023-11-06T19:00,CARDIO,2
2023-11-06T19:01,CARDIO,2
2023-11-06T19:02,FAT_BURN,1
2023-11-06T19:03,CARDIO,2
2023-11-06T19:04,CARDIO,2
2023-11-06T19:05,CARDIO,2
2023-11-06T19:06,CARDIO,2
2023-11-06T19:07,CARDIO,2
2023-11-06T19:08,CARDIO,2
2023-11-06T19:09,FAT_BURN,1
2023-11-06T19:10,FAT_BURN,1
2023-11-06T19:12,FAT_BURN,1
2023-11-06T19:13,CARDIO,2
2023-11-06T19:14,FAT_BURN,1
2023-11-06T19:21,FAT_BURN,1
2023-11-06T19:38,FAT_BURN,1
2023-11-06T19:39,FAT_BURN,1
2023-11-06T19:40,FAT_BURN,1
2023-11-06T19:44,FAT_BURN,1
2023-11-06T19:45,FAT_BURN,1
2023-11-06T19:47,FAT_BURN,1
2023-11-06T19:48,FAT_BURN,1
2023-11-06T19:51,FAT_BURN,1
2023-11-06T19:52,FAT_BURN,1
2023-11-06T19:53,FAT_BURN,1
2023-11-07T00:46,FAT_BURN,1
2023-11-07T00:49,FAT_BURN,1
2023-11-07T00:50,FAT_BURN,1
2023-11-07T00:51,CARDIO,2
2023-11-07T00:52,FAT_BURN,1
2023-11-07T08:26,FAT_BURN,1
2023-11-07T08:27,FAT_BURN,1
2023-11-07T08:37,FAT_BURN,1
2023-11-07T08:41,FAT_BURN,1
2023-11-07T08:42,FAT_BURN,1
2023-11-07T08:45,FAT_BURN,1
2023-11-07T08:46,FAT_BURN,1
2023-11-07T08:58,FAT_BURN,1
2023-11-07T08:59,FAT_BURN,1
2023-11-07T09:00,FAT_BURN,1
2023-11-07T09:01,FAT_BURN,1
2023-11-07T09:02,FAT_BURN,1
2023-11-07T09:03,FAT_BURN,1
2023-11-07T09:04,CARDIO,2
2023-11-07T09:05,FAT_BURN,1
2023-11-07T10:06,FAT_BURN,1
2023-11-07T10:07,FAT_BURN,1
2023-11-07T10:08,FAT_BURN,1
2023-11-07T10:09,FAT_BURN,1
2023-11-07T10:10,FAT_BURN,1
2023-11-07T10:13,FAT_BURN,1
2023-11-07T10:14,FAT_BURN,1
2023-11-07T10:15,FAT_BURN,1
2023-11-07T10:18,FAT_BURN,1
2023-11-07T10:19,FAT_BURN,1
2023-11-07T10:26,FAT_BURN,1
2023-11-07T10:27,FAT_BURN,1
2023-11-07T10:29,FAT_BURN,1
2023-11-07T10:30,FAT_BURN,1
2023-11-07T10:31,FAT_BURN,1
2023-11-07T10:32,FAT_BURN,1
2023-11-07T10:33,FAT_BURN,1
2023-11-07T10:41,FAT_BURN,1
2023-11-07T10:53,FAT_BURN,1
2023-11-07T10:54,FAT_BURN,1
2023-11-07T10:56,FAT_BURN,1
2023-11-07T10:57,FAT_BURN,1
2023-11-07T10:59,FAT_BURN,1
2023-11-07T11:00,FAT_BURN,1
2023-11-07T11:26,FAT_BURN,1
2023-11-07T11:27,FAT_BURN,1
2023-11-07T11:28,FAT_BURN,1
2023-11-07T11:29,FAT_BURN,1
2023-11-07T11:30,FAT_BURN,1
2023-11-07T11:31,FAT_BURN,1
2023-11-07T11:32,FAT_BURN,1
2023-11-07T11:33,FAT_BURN,1
2023-11-07T11:34,FAT_BURN,1
2023-11-07T11:35,FAT_BURN,1
2023-11-07T11:36,FAT_BURN,1
2023-11-07T11:37,FAT_BURN,1
2023-11-07T11:38,FAT_BURN,1
2023-11-07T11:39,FAT_BURN,1
2023-11-07T12:52,FAT_BURN,1
2023-11-07T12:56,FAT_BURN,1
2023-11-07T12:57,FAT_BURN,1
2023-11-07T12:58,FAT_BURN,1
2023-11-07T12:59,FAT_BURN,1
2023-11-07T13:00,FAT_BURN,1
2023-11-07T13:01,FAT_BURN,1
2023-11-07T13:04,FAT_BURN,1
2023-11-07T13:06,FAT_BURN,1
2023-11-07T13:07,FAT_BURN,1
2023-11-07T13:08,FAT_BURN,1
2023-11-07T13:09,FAT_BURN,1
2023-11-07T13:14,FAT_BURN,1
2023-11-07T13:19,FAT_BURN,1
2023-11-07T14:22,FAT_BURN,1
2023-11-07T14:49,FAT_BURN,1
2023-11-07T14:51,FAT_BURN,1
2023-11-07T14:52,FAT_BURN,1
2023-11-07T14:53,FAT_BURN,1
2023-11-07T14:54,FAT_BURN,1
2023-11-07T14:55,FAT_BURN,1
2023-11-07T19:05,FAT_BURN,1
2023-11-07T19:06,FAT_BURN,1
2023-11-07T19:07,FAT_BURN,1
2023-11-07T19:18,FAT_BURN,1
2023-11-07T19:19,CARDIO,2
2023-11-07T19:20,FAT_BURN,1
2023-11-07T19:45,FAT_BURN,1
2023-11-07T19:46,FAT_BURN,1
2023-11-07T19:47,FAT_BURN,1
2023-11-07T19:48,FAT_BURN,1
2023-11-07T19:49,FAT_BURN,1
2023-11-07T19:50,FAT_BURN,1
2023-11-07T19:51,FAT_BURN,1
2023-11-07T19:52,FAT_BURN,1
2023-11-07T19:53,FAT_BURN,1
2023-11-07T19:54,FAT_BURN,1
2023-11-07T19:55,FAT_BURN,1
2023-11-07T19:57,FAT_BURN,1
2023-11-07T19:58,FAT_BURN,1
2023-11-07T19:59,FAT_BURN,1
2023-11-07T20:00,FAT_BURN,1
2023-11-07T20:01,FAT_BURN,1
2023-11-07T20:02,FAT_BURN,1
2023-11-07T20:03,FAT_BURN,1
2023-11-07T20:04,FAT_BURN,1
2023-11-07T20:05,FAT_BURN,1
2023-11-07T20:08,FAT_BURN,1
2023-11-07T20:09,FAT_BURN,1
2023-11-07T20:10,FAT_BURN,1
2023-11-07T20:14,FAT_BURN,1
2023-11-07T20:15,FAT_BURN,1
2023-11-07T20:16,FAT_BURN,1
2023-11-07T20:17,FAT_BURN,1
2023-11-07T20:18,FAT_BURN,1
2023-11-07T20:19,FAT_BURN,1
2023-11-07T20:20,FAT_BURN,1
2023-11-07T20:21,FAT_BURN,1
2023-11-07T20:28,FAT_BURN,1
2023-11-07T20:29,FAT_BURN,1
2023-11-07T20:30,FAT_BURN,1
2023-11-07T20:32,FAT_BURN,1
2023-11-07T20:33,FAT_BURN,1
2023-11-07T20:34,FAT_BURN,1
2023-11-07T20:35,FAT_BURN,1
2023-11-07T20:36,FAT_BURN,1
2023-11-07T20:38,FAT_BURN,1
2023-11-07T20:39,FAT_BURN,1
2023-11-07T21:17,FAT_BURN,1
2023-11-07T21:23,FAT_BURN,1
2023-11-07T21:53,FAT_BURN,1
2023-11-08T08:54,FAT_BURN,1
2023-11-08T08:55,FAT_BURN,1
2023-11-08T08:56,FAT_BURN,1
2023-11-08T08:57,FAT_BURN,1
2023-11-08T08:58,FAT_BURN,1
2023-11-08T08:59,FAT_BURN,1
2023-11-08T09:00,FAT_BURN,1
2023-11-08T09:01,FAT_BURN,1
2023-11-08T09:02,FAT_BURN,1
2023-11-08T09:03,FAT_BURN,1
2023-11-08T09:04,FAT_BURN,1
2023-11-08T09:05,FAT_BURN,1
2023-11-08T10:21,FAT_BURN,1
2023-11-08T10:22,FAT_BURN,1
2023-11-08T10:23,FAT_BURN,1
2023-11-08T10:24,CARDIO,2
2023-11-08T10:25,CARDIO,2
2023-11-08T10:26,CARDIO,2
2023-11-08T10:27,FAT_BURN,1
2023-11-08T10:28,CARDIO,2
2023-11-08T10:30,FAT_BURN,1
2023-11-08T10:32,FAT_BURN,1
2023-11-08T10:33,FAT_BURN,1
2023-11-08T12:38,FAT_BURN,1
2023-11-08T12:39,FAT_BURN,1
2023-11-08T12:40,FAT_BURN,1
2023-11-08T12:41,FAT_BURN,1
2023-11-08T12:42,FAT_BURN,1
2023-11-08T12:43,FAT_BURN,1
2023-11-08T12:44,FAT_BURN,1
2023-11-08T12:45,FAT_BURN,1
2023-11-08T12:46,FAT_BURN,1
2023-11-08T13:00,FAT_BURN,1
2023-11-08T13:01,FAT_BURN,1
2023-11-08T13:02,FAT_BURN,1
2023-11-08T13:12,FAT_BURN,1
2023-11-08T13:13,FAT_BURN,1
2023-11-08T13:17,FAT_BURN,1
2023-11-08T13:25,FAT_BURN,1
2023-11-08T13:26,FAT_BURN,1
2023-11-08T13:27,FAT_BURN,1
2023-11-08T13:29,CARDIO,2
2023-11-08T13:30,CARDIO,2
2023-11-08T13:31,CARDIO,2
2023-11-08T13:32,CARDIO,2
2023-11-08T15:20,FAT_BURN,1
2023-11-08T15:21,FAT_BURN,1
2023-11-08T15:22,FAT_BURN,1
2023-11-08T15:32,FAT_BURN,1
2023-11-08T15:33,FAT_BURN,1
2023-11-08T15:34,FAT_BURN,1
2023-11-08T15:35,FAT_BURN,1
2023-11-08T15:36,FAT_BURN,1
2023-11-08T15:37,FAT_BURN,1
2023-11-08T15:38,FAT_BURN,1
2023-11-08T19:25,FAT_BURN,1
2023-11-08T19:26,FAT_BURN,1
2023-11-08T19:27,FAT_BURN,1
2023-11-08T19:28,FAT_BURN,1
2023-11-08T19:29,FAT_BURN,1
2023-11-08T19:30,FAT_BURN,1
2023-11-08T19:31,FAT_BURN,1
2023-11-08T19:32,FAT_BURN,1
2023-11-08T19:33,FAT_BURN,1
2023-11-08T19:34,FAT_BURN,1
2023-11-08T19:35,FAT_BURN,1
2023-11-08T19:36,FAT_BURN,1
2023-11-08T19:37,FAT_BURN,1
2023-11-08T19:38,FAT_BURN,1
2023-11-08T19:39,FAT_BURN,1
2023-11-08T19:40,FAT_BURN,1
2023-11-08T19:41,FAT_BURN,1
2023-11-08T19:42,FAT_BURN,1
2023-11-08T19:43,FAT_BURN,1
2023-11-08T19:44,FAT_BURN,1
2023-11-08T19:45,FAT_BURN,1
2023-11-08T19:46,FAT_BURN,1
2023-11-08T19:47,FAT_BURN,1
2023-11-08T19:48,FAT_BURN,1
2023-11-08T19:49,FAT_BURN,1
2023-11-08T19:50,FAT_BURN,1
2023-11-08T19:51,FAT_BURN,1
2023-11-08T19:52,FAT_BURN,1
2023-11-08T19:53,FAT_BURN,1
2023-11-08T19:54,FAT_BURN,1
2023-11-08T19:55,FAT_BURN,1
2023-11-08T19:56,FAT_BURN,1
2023-11-08T19:57,FAT_BURN,1
2023-11-08T19:58,FAT_BURN,1
2023-11-08T19:59,FAT_BURN,1
2023-11-08T20:00,FAT_BURN,1
2023-11-08T20:01,FAT_BURN,1
2023-11-08T20:02,FAT_BURN,1
2023-11-08T20:03,FAT_BURN,1
2023-11-08T20:04,FAT_BURN,1
2023-11-08T20:05,FAT_BURN,1
2023-11-08T20:06,FAT_BURN,1
2023-11-08T20:07,FAT_BURN,1
2023-11-08T20:08,FAT_BURN,1
2023-11-08T20:09,FAT_BURN,1
2023-11-08T20:10,FAT_BURN,1
2023-11-08T20:11,FAT_BURN,1
2023-11-08T20:12,FAT_BURN,1
2023-11-08T20:13,FAT_BURN,1
2023-11-08T20:27,FAT_BURN,1
2023-11-08T20:28,FAT_BURN,1
2023-11-08T21:59,FAT_BURN,1
2023-11-08T23:28,FAT_BURN,1
2023-11-08T23:29,FAT_BURN,1
2023-11-09T08:02,FAT_BURN,1
2023-11-09T08:37,FAT_BURN,1
2023-11-09T08:38,FAT_BURN,1
2023-11-09T08:39,FAT_BURN,1
2023-11-09T08:55,FAT_BURN,1
2023-11-09T08:56,FAT_BURN,1
2023-11-09T08:57,FAT_BURN,1
2023-11-09T08:58,FAT_BURN,1
2023-11-09T08:59,FAT_BURN,1
2023-11-09T09:00,FAT_BURN,1
2023-11-09T09:01,FAT_BURN,1
2023-11-09T09:02,FAT_BURN,1
2023-11-09T09:03,FAT_BURN,1
2023-11-09T09:04,FAT_BURN,1
2023-11-09T10:19,FAT_BURN,1
2023-11-09T10:22,FAT_BURN,1
2023-11-09T10:38,FAT_BURN,1
2023-11-09T10:39,FAT_BURN,1
2023-11-09T11:20,FAT_BURN,1
2023-11-09T15:59,FAT_BURN,1
2023-11-09T16:00,FAT_BURN,1
2023-11-09T16:04,FAT_BURN,1
2023-11-09T16:05,FAT_BURN,1
2023-11-09T18:54,FAT_BURN,1
2023-11-09T18:55,FAT_BURN,1
2023-11-09T18:56,FAT_BURN,1
2023-11-09T18:57,FAT_BURN,1
2023-11-09T18:58,FAT_BURN,1
2023-11-09T18:59,FAT_BURN,1
2023-11-09T19:01,FAT_BURN,1
2023-11-09T19:02,FAT_BURN,1
2023-11-09T19:03,FAT_BURN,1
2023-11-09T19:04,FAT_BURN,1
2023-11-09T19:05,FAT_BURN,1
2023-11-09T19:06,FAT_BURN,1
2023-11-09T19:07,FAT_BURN,1
2023-11-09T19:10,FAT_BURN,1
2023-11-09T20:00,FAT_BURN,1
2023-11-09T20:01,FAT_BURN,1
2023-11-09T20:02,FAT_BURN,1
2023-11-09T20:03,FAT_BURN,1
2023-11-09T20:04,FAT_BURN,1
2023-11-09T20:05,FAT_BURN,1
2023-11-09T20:06,FAT_BURN,1
2023-11-09T20:07,FAT_BURN,1
2023-11-09T20:10,FAT_BURN,1
2023-11-09T20:11,FAT_BURN,1
2023-11-09T20:12,FAT_BURN,1
2023-11-09T20:13,FAT_BURN,1
2023-11-09T20:14,FAT_BURN,1
2023-11-09T20:15,FAT_BURN,1
2023-11-09T20:35,FAT_BURN,1
2023-11-09T20:36,FAT_BURN,1
2023-11-09T23:59,FAT_BURN,1
2023-11-10T00:00,FAT_BURN,1
2023-11-10T00:01,FAT_BURN,1
2023-11-10T08:32,FAT_BURN,1
2023-11-10T08:33,FAT_BURN,1
2023-11-10T08:34,FAT_BURN,1
2023-11-10T08:54,FAT_BURN,1
2023-11-10T08:55,FAT_BURN,1
2023-11-10T08:56,FAT_BURN,1
2023-11-10T08:57,FAT_BURN,1
2023-11-10T08:58,FAT_BURN,1
2023-11-10T08:59,FAT_BURN,1
2023-11-10T09:00,FAT_BURN,1
2023-11-10T09:01,FAT_BURN,1
2023-11-10T09:02,FAT_BURN,1
2023-11-10T10:06,FAT_BURN,1
2023-11-10T10:07,FAT_BURN,1
2023-11-10T10:08,FAT_BURN,1
2023-11-10T10:09,FAT_BURN,1
2023-11-10T10:10,FAT_BURN,1
2023-11-10T10:11,FAT_BURN,1
2023-11-10T10:12,FAT_BURN,1
2023-11-10T10:20,FAT_BURN,1
2023-11-10T10:21,FAT_BURN,1
2023-11-10T10:22,FAT_BURN,1
2023-11-10T10:23,FAT_BURN,1
2023-11-10T10:24,FAT_BURN,1
2023-11-10T10:25,FAT_BURN,1
2023-11-10T10:27,FAT_BURN,1
2023-11-10T10:28,FAT_BURN,1
2023-11-10T10:29,FAT_BURN,1
2023-11-10T10:30,FAT_BURN,1
2023-11-10T10:31,FAT_BURN,1
2023-11-10T11:32,FAT_BURN,1
2023-11-10T11:34,FAT_BURN,1
2023-11-10T11:35,FAT_BURN,1
2023-11-10T11:36,FAT_BURN,1
2023-11-10T11:37,FAT_BURN,1
2023-11-10T11:38,FAT_BURN,1
2023-11-10T11:39,FAT_BURN,1
2023-11-10T11:40,FAT_BURN,1
2023-11-10T11:49,FAT_BURN,1
2023-11-10T11:55,FAT_BURN,1
2023-11-10T11:56,FAT_BURN,1
2023-11-10T11:57,FAT_BURN,1
2023-11-10T11:58,FAT_BURN,1
2023-11-10T11:59,FAT_BURN,1
2023-11-10T12:01,FAT_BURN,1
2023-11-10T12:02,CARDIO,2
2023-11-10T12:03,CARDIO,2
2023-11-10T12:04,CARDIO,2
2023-11-10T12:05,CARDIO,2
2023-11-10T12:06,CARDIO,2
2023-11-10T12:07,FAT_BURN,1
2023-11-10T12:25,FAT_BURN,1
2023-11-10T12:26,FAT_BURN,1
2023-11-10T12:27,FAT_BURN,1
2023-11-10T12:28,FAT_BURN,1
2023-11-10T17:08,FAT_BURN,1
2023-11-10T17:25,FAT_BURN,1
2023-11-10T17:26,FAT_BURN,1
2023-11-10T17:29,FAT_BURN,1
2023-11-10T17:30,FAT_BURN,1
2023-11-11T11:07,FAT_BURN,1
2023-11-11T12:31,FAT_BURN,1
2023-11-11T12:32,FAT_BURN,1
2023-11-11T12:33,FAT_BURN,1
2023-11-11T12:34,FAT_BURN,1
2023-11-11T12:35,FAT_BURN,1
2023-11-11T12:36,FAT_BURN,1
2023-11-11T17:12,FAT_BURN,1
2023-11-11T20:18,FAT_BURN,1
2023-11-11T22:29,FAT_BURN,1
2023-11-11T22:42,FAT_BURN,1
2023-11-11T22:44,FAT_BURN,1
2023-11-11T22:45,FAT_BURN,1
2023-11-11T22:46,FAT_BURN,1
2023-11-11T22:47,FAT_BURN,1
2023-11-11T22:51,FAT_BURN,1
2023-11-11T22:53,FAT_BURN,1
2023-11-11T22:54,FAT_BURN,1
2023-11-11T22:55,FAT_BURN,1
2023-11-11T22:56,FAT_BURN,1
2023-11-11T22:57,FAT_BURN,1
2023-11-11T22:59,FAT_BURN,1
2023-11-11T23:00,FAT_BURN,1
2023-11-11T23:03,FAT_BURN,1
2023-11-11T23:05,FAT_BURN,1
2023-11-11T23:08,FAT_BURN,1
2023-11-11T23:09,FAT_BURN,1
2023-11-11T23:12,FAT_BURN,1
2023-11-11T23:13,FAT_BURN,1
2023-11-11T23:16,FAT_BURN,1
2023-11-11T23:17,FAT_BURN,1
2023-11-11T23:18,FAT_BURN,1
2023-11-11T23:21,FAT_BURN,1
2023-11-11T23:27,FAT_BURN,1
2023-11-11T23:28,FAT_BURN,1
2023-11-11T23:31,FAT_BURN,1
2023-11-11T23:32,FAT_BURN,1
2023-11-11T23:33,FAT_BURN,1
2023-11-11T23:34,FAT_BURN,1
2023-11-11T23:43,FAT_BURN,1
2023-11-12T00:42,FAT_BURN,1
2023-11-12T01:11,FAT_BURN,1
2023-11-12T01:13,FAT_BURN,1
2023-11-12T01:15,FAT_BURN,1
2023-11-13T13:14,FAT_BURN,1
2023-11-13T13:15,FAT_BURN,1
2023-11-13T13:16,FAT_BURN,1
2023-11-13T13:24,FAT_BURN,1
2023-11-13T13:25,FAT_BURN,1
2023-11-13T15:02,FAT_BURN,1
2023-11-13T15:03,FAT_BURN,1
2023-11-13T15:04,FAT_BURN,1
2023-11-13T15:05,FAT_BURN,1
2023-11-13T15:06,FAT_BURN,1
2023-11-13T15:10,FAT_BURN,1
2023-11-13T15:11,FAT_BURN,1
2023-11-13T15:12,FAT_BURN,1
2023-11-13T15:35,FAT_BURN,1
2023-11-13T15:36,FAT_BURN,1
2023-11-13T15:37,FAT_BURN,1
2023-11-13T15:38,CARDIO,2
2023-11-13T15:39,FAT_BURN,1
2023-11-13T15:40,FAT_BURN,1
2023-11-13T15:41,FAT_BURN,1
2023-11-13T15:42,CARDIO,2
2023-11-13T15:43,FAT_BURN,1
2023-11-13T15:44,FAT_BURN,1
2023-11-13T17:00,FAT_BURN,1
2023-11-13T17:01,FAT_BURN,1
2023-11-13T17:02,FAT_BURN,1
2023-11-13T17:03,FAT_BURN,1
2023-11-13T18:04,FAT_BURN,1
2023-11-13T18:05,FAT_BURN,1
2023-11-13T18:06,FAT_BURN,1
2023-11-13T18:07,FAT_BURN,1
2023-11-13T18:10,FAT_BURN,1
2023-11-13T18:11,FAT_BURN,1
2023-11-13T18:12,FAT_BURN,1
2023-11-13T18:13,FAT_BURN,1
2023-11-13T18:14,FAT_BURN,1
2023-11-13T18:36,FAT_BURN,1
2023-11-13T18:37,FAT_BURN,1
2023-11-14T06:08,FAT_BURN,1
2023-11-14T06:12,FAT_BURN,1
2023-11-14T06:14,FAT_BURN,1
2023-11-14T06:15,FAT_BURN,1
2023-11-14T06:18,FAT_BURN,1
2023-11-14T06:19,FAT_BURN,1
2023-11-14T06:20,FAT_BURN,1
2023-11-14T06:21,FAT_BURN,1
2023-11-14T06:24,FAT_BURN,1
2023-11-14T06:25,FAT_BURN,1
2023-11-14T06:34,FAT_BURN,1
2023-11-14T06:35,FAT_BURN,1
2023-11-14T06:38,FAT_BURN,1
2023-11-14T06:39,FAT_BURN,1
2023-11-14T06:40,FAT_BURN,1
2023-11-14T06:41,FAT_BURN,1
2023-11-14T06:42,FAT_BURN,1
2023-11-14T06:43,FAT_BURN,1
2023-11-14T06:44,FAT_BURN,1
2023-11-14T06:46,FAT_BURN,1
2023-11-14T06:47,FAT_BURN,1
2023-11-14T06:48,FAT_BURN,1
2023-11-14T06:49,FAT_BURN,1
2023-11-14T06:54,FAT_BURN,1
2023-11-14T06:55,FAT_BURN,1
2023-11-14T07:03,FAT_BURN,1
2023-11-14T07:05,FAT_BURN,1
2023-11-14T07:06,FAT_BURN,1
2023-11-14T07:10,FAT_BURN,1
2023-11-14T07:11,FAT_BURN,1
2023-11-14T07:12,FAT_BURN,1
2023-11-14T07:13,FAT_BURN,1
2023-11-14T07:14,FAT_BURN,1
2023-11-14T07:15,FAT_BURN,1
2023-11-14T07:17,FAT_BURN,1
2023-11-14T07:27,FAT_BURN,1
2023-11-14T07:41,FAT_BURN,1
2023-11-14T07:42,FAT_BURN,1
2023-11-14T07:43,FAT_BURN,1
2023-11-14T07:44,FAT_BURN,1
2023-11-14T07:45,FAT_BURN,1
2023-11-14T07:46,FAT_BURN,1
2023-11-14T07:50,FAT_BURN,1
2023-11-14T07:51,FAT_BURN,1
2023-11-14T07:54,FAT_BURN,1
2023-11-14T07:55,FAT_BURN,1
2023-11-14T07:56,FAT_BURN,1
2023-11-14T07:57,FAT_BURN,1
2023-11-14T08:21,FAT_BURN,1
2023-11-14T08:22,FAT_BURN,1
2023-11-14T08:23,FAT_BURN,1
2023-11-14T08:24,FAT_BURN,1
2023-11-14T08:25,FAT_BURN,1
2023-11-14T08:26,FAT_BURN,1
2023-11-14T08:27,FAT_BURN,1
2023-11-14T08:29,FAT_BURN,1
2023-11-14T08:30,FAT_BURN,1
2023-11-14T08:31,FAT_BURN,1
2023-11-14T08:35,FAT_BURN,1
2023-11-14T08:39,FAT_BURN,1
2023-11-14T08:40,FAT_BURN,1
2023-11-14T08:41,FAT_BURN,1
2023-11-14T08:42,FAT_BURN,1
2023-11-14T08:47,FAT_BURN,1
2023-11-14T08:48,FAT_BURN,1
2023-11-14T08:49,FAT_BURN,1
2023-11-14T08:50,FAT_BURN,1
2023-11-14T08:52,FAT_BURN,1
2023-11-14T08:53,FAT_BURN,1
2023-11-14T08:54,FAT_BURN,1
2023-11-14T08:55,FAT_BURN,1
2023-11-14T08:56,FAT_BURN,1
2023-11-14T08:57,FAT_BURN,1
2023-11-14T09:02,FAT_BURN,1
2023-11-14T09:05,FAT_BURN,1
2023-11-14T09:06,FAT_BURN,1
2023-11-14T09:17,FAT_BURN,1
2023-11-14T09:23,FAT_BURN,1
2023-11-14T09:24,FAT_BURN,1
2023-11-14T09:25,FAT_BURN,1
2023-11-14T09:31,FAT_BURN,1
2023-11-14T09:38,FAT_BURN,1
2023-11-14T09:53,FAT_BURN,1
2023-11-14T09:55,FAT_BURN,1
2023-11-14T09:56,FAT_BURN,1
2023-11-14T09:59,FAT_BURN,1
2023-11-14T10:05,FAT_BURN,1
2023-11-14T10:13,FAT_BURN,1
2023-11-14T10:14,FAT_BURN,1
2023-11-14T10:18,FAT_BURN,1
2023-11-14T10:19,FAT_BURN,1
2023-11-14T10:20,FAT_BURN,1
2023-11-14T10:21,FAT_BURN,1
2023-11-14T10:22,FAT_BURN,1
2023-11-14T10:23,FAT_BURN,1
2023-11-14T10:24,FAT_BURN,1
2023-11-14T10:25,FAT_BURN,1
2023-11-14T10:26,FAT_BURN,1
2023-11-14T10:27,FAT_BURN,1
2023-11-14T10:28,FAT_BURN,1
2023-11-14T10:29,FAT_BURN,1
2023-11-14T10:33,FAT_BURN,1
2023-11-14T10:34,FAT_BURN,1
2023-11-14T10:35,FAT_BURN,1
2023-11-14T10:36,FAT_BURN,1
2023-11-14T10:38,FAT_BURN,1
2023-11-14T11:43,FAT_BURN,1
2023-11-14T11:49,FAT_BURN,1
2023-11-14T11:50,FAT_BURN,1
2023-11-14T11:51,FAT_BURN,1
2023-11-14T15:15,FAT_BURN,1
2023-11-14T15:16,FAT_BURN,1
2023-11-14T15:17,FAT_BURN,1
2023-11-14T15:37,FAT_BURN,1
2023-11-14T16:49,FAT_BURN,1
2023-11-14T16:50,FAT_BURN,1
2023-11-14T17:18,FAT_BURN,1
2023-11-14T17:19,FAT_BURN,1
2023-11-14T19:36,FAT_BURN,1
2023-11-14T19:37,FAT_BURN,1
2023-11-14T19:59,FAT_BURN,1
2023-11-14T20:12,FAT_BURN,1
2023-11-14T20:14,FAT_BURN,1
2023-11-14T20:15,FAT_BURN,1
2023-11-15T08:02,FAT_BURN,1
2023-11-15T08:51,FAT_BURN,1
2023-11-15T08:53,FAT_BURN,1
2023-11-15T08:54,FAT_BURN,1
2023-11-15T08:55,FAT_BURN,1
2023-11-15T08:56,FAT_BURN,1
2023-11-15T08:57,FAT_BURN,1
2023-11-15T08:58,FAT_BURN,1
2023-11-15T08:59,FAT_BURN,1
2023-11-15T09:00,FAT_BURN,1
2023-11-15T09:01,FAT_BURN,1
2023-11-15T10:20,FAT_BURN,1
2023-11-15T10:23,FAT_BURN,1
2023-11-15T10:24,FAT_BURN,1
2023-11-15T10:25,FAT_BURN,1
2023-11-15T10:26,FAT_BURN,1
2023-11-15T10:27,FAT_BURN,1
2023-11-15T10:28,FAT_BURN,1
2023-11-15T10:29,FAT_BURN,1
2023-11-15T11:55,FAT_BURN,1
2023-11-15T12:53,FAT_BURN,1
2023-11-15T12:54,FAT_BURN,1
2023-11-15T12:55,FAT_BURN,1
2023-11-15T15:19,FAT_BURN,1
2023-11-15T15:21,FAT_BURN,1
2023-11-15T15:22,FAT_BURN,1
2023-11-15T15:23,FAT_BURN,1
2023-11-15T15:24,FAT_BURN,1
2023-11-15T17:02,FAT_BURN,1
2023-11-15T17:03,FAT_BURN,1
2023-11-15T17:04,FAT_BURN,1
2023-11-15T17:10,FAT_BURN,1
2023-11-15T17:16,FAT_BURN,1
2023-11-15T17:36,FAT_BURN,1
2023-11-15T17:40,FAT_BURN,1
2023-11-15T17:41,FAT_BURN,1
2023-11-15T17:42,FAT_BURN,1
2023-11-15T17:43,FAT_BURN,1
2023-11-15T17:44,FAT_BURN,1
2023-11-15T17:45,FAT_BURN,1
2023-11-15T17:46,FAT_BURN,1
2023-11-15T17:47,FAT_BURN,1
2023-11-15T17:59,FAT_BURN,1
2023-11-15T18:00,FAT_BURN,1
2023-11-15T18:02,FAT_BURN,1
2023-11-15T18:03,FAT_BURN,1
2023-11-15T18:04,FAT_BURN,1
2023-11-15T18:45,FAT_BURN,1
2023-11-15T18:46,FAT_BURN,1
2023-11-15T18:48,FAT_BURN,1
2023-11-15T18:49,FAT_BURN,1
2023-11-15T18:50,FAT_BURN,1
2023-11-15T18:51,FAT_BURN,1
2023-11-15T18:52,FAT_BURN,1
2023-11-15T18:53,FAT_BURN,1
2023-11-15T18:54,FAT_BURN,1
2023-11-15T19:21,FAT_BURN,1
2023-11-15T19:22,FAT_BURN,1
2023-11-15T19:42,FAT_BURN,1
2023-11-15T19:43,FAT_BURN,1
2023-11-15T19:44,FAT_BURN,1
2023-11-15T19:45,FAT_BURN,1
2023-11-15T19:46,FAT_BURN,1
2023-11-15T19:47,FAT_BURN,1
2023-11-15T19:48,FAT_BURN,1
2023-11-15T19:49,FAT_BURN,1
2023-11-15T19:50,FAT_BURN,1
2023-11-15T19:51,FAT_BURN,1
2023-11-15T19:52,CARDIO,2
2023-11-15T19:53,CARDIO,2
2023-11-15T19:54,CARDIO,2
2023-11-15T19:55,CARDIO,2
2023-11-15T19:56,CARDIO,2
2023-11-15T19:57,FAT_BURN,1
2023-11-15T19:58,FAT_BURN,1
2023-11-15T19:59,FAT_BURN,1
2023-11-15T20:00,FAT_BURN,1
2023-11-15T21:09,FAT_BURN,1
2023-11-15T21:10,FAT_BURN,1
2023-11-15T21:29,FAT_BURN,1
2023-11-15T21:30,FAT_BURN,1
2023-11-15T21:31,FAT_BURN,1
2023-11-15T21:32,FAT_BURN,1
2023-11-15T21:33,FAT_BURN,1
2023-11-15T21:57,FAT_BURN,1
2023-11-15T22:36,FAT_BURN,1
2023-11-15T22:37,FAT_BURN,1
2023-11-15T22:38,FAT_BURN,1
2023-11-15T22:39,FAT_BURN,1
2023-11-15T22:40,FAT_BURN,1
2023-11-15T22:41,FAT_BURN,1
2023-11-15T22:42,FAT_BURN,1
2023-11-15T22:43,FAT_BURN,1
2023-11-15T22:44,FAT_BURN,1
2023-11-15T22:45,FAT_BURN,1
2023-11-15T22:46,FAT_BURN,1
2023-11-15T22:47,FAT_BURN,1
2023-11-15T22:48,FAT_BURN,1
2023-11-15T22:49,FAT_BURN,1
2023-11-15T22:50,FAT_BURN,1
2023-11-15T22:51,FAT_BURN,1
2023-11-15T22:52,FAT_BURN,1
2023-11-15T22:53,FAT_BURN,1
2023-11-15T22:54,FAT_BURN,1
2023-11-15T22:55,FAT_BURN,1
2023-11-15T22:56,FAT_BURN,1
2023-11-15T22:57,FAT_BURN,1
2023-11-15T22:59,FAT_BURN,1
2023-11-15T23:04,FAT_BURN,1
2023-11-15T23:05,FAT_BURN,1
2023-11-15T23:06,FAT_BURN,1
2023-11-15T23:07,FAT_BURN,1
2023-11-17T08:57,FAT_BURN,1
2023-11-17T08:59,CARDIO,2
2023-11-17T09:00,CARDIO,2
2023-11-17T09:01,FAT_BURN,1
2023-11-17T09:02,CARDIO,2
2023-11-17T09:03,CARDIO,2
2023-11-17T09:04,CARDIO,2
2023-11-17T09:05,CARDIO,2
2023-11-17T09:06,FAT_BURN,1
2023-11-17T09:07,CARDIO,2
2023-11-17T09:10,FAT_BURN,1
2023-11-17T10:29,FAT_BURN,1
2023-11-17T10:30,CARDIO,2
2023-11-17T10:31,CARDIO,2
2023-11-17T10:32,CARDIO,2
2023-11-17T10:33,CARDIO,2
2023-11-17T10:34,FAT_BURN,1
2023-11-17T11:29,FAT_BURN,1
2023-11-17T11:30,FAT_BURN,1
2023-11-17T11:31,CARDIO,2
2023-11-17T11:32,FAT_BURN,1
2023-11-17T11:33,FAT_BURN,1
2023-11-17T11:34,FAT_BURN,1
2023-11-17T11:35,FAT_BURN,1
2023-11-17T11:36,FAT_BURN,1
2023-11-17T11:37,FAT_BURN,1
2023-11-17T11:38,FAT_BURN,1
2023-11-17T11:39,FAT_BURN,1
2023-11-17T11:40,FAT_BURN,1
2023-11-17T12:04,FAT_BURN,1
2023-11-17T13:00,FAT_BURN,1
2023-11-17T13:01,FAT_BURN,1
2023-11-17T13:53,FAT_BURN,1
2023-11-17T13:54,FAT_BURN,1
2023-11-17T13:55,FAT_BURN,1
2023-11-17T13:56,FAT_BURN,1
2023-11-17T14:06,FAT_BURN,1
2023-11-17T14:07,FAT_BURN,1
2023-11-17T14:08,FAT_BURN,1
2023-11-17T14:09,FAT_BURN,1
2023-11-17T14:19,FAT_BURN,1
2023-11-17T14:20,FAT_BURN,1
2023-11-17T14:21,FAT_BURN,1
2023-11-17T14:41,FAT_BURN,1
2023-11-17T14:42,FAT_BURN,1
2023-11-17T14:43,FAT_BURN,1
2023-11-17T14:44,FAT_BURN,1
2023-11-17T14:45,FAT_BURN,1
2023-11-17T14:46,FAT_BURN,1
2023-11-17T14:47,CARDIO,2
2023-11-17T14:48,CARDIO,2
2023-11-17T14:49,CARDIO,2
2023-11-17T14:50,PEAK,2
2023-11-17T14:51,PEAK,2
2023-11-17T14:52,PEAK,2
2023-11-17T14:53,CARDIO,2
2023-11-17T14:54,PEAK,2
2023-11-17T14:55,CARDIO,2
2023-11-17T14:56,FAT_BURN,1
2023-11-17T14:57,FAT_BURN,1
2023-11-17T14:58,FAT_BURN,1
2023-11-17T15:00,FAT_BURN,1
2023-11-17T15:02,FAT_BURN,1
2023-11-17T15:07,FAT_BURN,1
2023-11-17T15:08,FAT_BURN,1
2023-11-17T15:09,FAT_BURN,1
2023-11-17T15:10,FAT_BURN,1
2023-11-17T15:12,FAT_BURN,1
2023-11-17T19:10,FAT_BURN,1
2023-11-17T19:11,FAT_BURN,1
2023-11-17T19:12,FAT_BURN,1
2023-11-17T19:13,FAT_BURN,1
2023-11-17T19:14,FAT_BURN,1
2023-11-17T19:15,FAT_BURN,1
2023-11-17T19:17,FAT_BURN,1
2023-11-17T19:18,FAT_BURN,1
2023-11-17T19:19,FAT_BURN,1
2023-11-17T19:20,FAT_BURN,1
2023-11-17T19:21,FAT_BURN,1
2023-11-17T19:22,FAT_BURN,1
2023-11-17T19:23,FAT_BURN,1
2023-11-17T19:24,FAT_BURN,1
2023-11-17T19:25,FAT_BURN,1
2023-11-17T19:26,FAT_BURN,1
2023-11-17T19:36,FAT_BURN,1
2023-11-17T19:47,FAT_BURN,1
2023-11-17T19:48,FAT_BURN,1
2023-11-18T08:40,FAT_BURN,1
2023-11-18T08:41,FAT_BURN,1
2023-11-18T09:21,CARDIO,2
2023-11-18T09:22,PEAK,2
2023-11-18T09:23,CARDIO,2
2023-11-18T09:24,CARDIO,2
2023-11-18T09:25,CARDIO,2
2023-11-18T09:26,CARDIO,2
2023-11-18T09:27,CARDIO,2
2023-11-18T09:28,CARDIO,2
2023-11-18T09:29,CARDIO,2
2023-11-18T09:30,CARDIO,2
2023-11-18T09:31,CARDIO,2
2023-11-18T09:32,PEAK,2
2023-11-18T09:33,PEAK,2
2023-11-18T09:34,CARDIO,2
2023-11-18T16:17,PEAK,2
2023-11-18T16:18,PEAK,2
2023-11-18T17:28,FAT_BURN,1
2023-11-18T17:29,CARDIO,2
2023-11-18T17:30,FAT_BURN,1
2023-11-18T17:31,FAT_BURN,1
2023-11-18T17:32,FAT_BURN,1
2023-11-18T17:33,CARDIO,2
2023-11-18T17:34,CARDIO,2
2023-11-18T17:35,CARDIO,2
2023-11-18T17:36,CARDIO,2
2023-11-18T17:37,CARDIO,2
2023-11-18T17:38,FAT_BURN,1
2023-11-18T17:39,CARDIO,2
2023-11-18T17:40,CARDIO,2
2023-11-18T17:41,CARDIO,2
2023-11-18T17:42,CARDIO,2
2023-11-18T17:43,CARDIO,2
2023-11-18T17:44,CARDIO,2
2023-11-18T17:45,CARDIO,2
2023-11-18T17:46,FAT_BURN,1
2023-11-18T17:47,FAT_BURN,1
2023-11-18T17:48,FAT_BURN,1
2023-11-18T17:49,CARDIO,2
2023-11-18T17:50,CARDIO,2
2023-11-18T17:51,CARDIO,2
2023-11-18T17:52,CARDIO,2
2023-11-18T17:53,CARDIO,2
2023-11-18T17:54,CARDIO,2
2023-11-18T17:55,CARDIO,2
2023-11-18T17:56,CARDIO,2
2023-11-18T17:57,CARDIO,2
2023-11-18T17:58,CARDIO,2
2023-11-18T17:59,CARDIO,2
2023-11-18T18:00,CARDIO,2
2023-11-18T18:01,CARDIO,2
2023-11-18T18:02,CARDIO,2
2023-11-18T18:03,CARDIO,2
2023-11-18T18:04,PEAK,2
2023-11-18T18:05,CARDIO,2
2023-11-18T18:06,FAT_BURN,1
2023-11-18T18:07,CARDIO,2
2023-11-18T18:08,CARDIO,2
2023-11-18T18:09,CARDIO,2
2023-11-18T18:10,FAT_BURN,1
2023-11-18T18:11,CARDIO,2
2023-11-18T18:12,CARDIO,2
2023-11-18T18:13,CARDIO,2
2023-11-18T18:14,CARDIO,2
2023-11-18T18:15,CARDIO,2
2023-11-18T18:16,PEAK,2
2023-11-18T18:17,PEAK,2
2023-11-18T18:18,CARDIO,2
2023-11-18T18:19,CARDIO,2
2023-11-18T18:20,CARDIO,2
2023-11-18T18:21,CARDIO,2
2023-11-18T18:22,CARDIO,2
2023-11-18T18:23,FAT_BURN,1
2023-11-18T18:24,FAT_BURN,1
2023-11-18T18:25,FAT_BURN,1
2023-11-18T18:26,CARDIO,2
2023-11-18T18:27,CARDIO,2
2023-11-18T18:28,PEAK,2
2023-11-18T18:29,PEAK,2
2023-11-18T18:30,PEAK,2
2023-11-18T18:31,CARDIO,2
2023-11-18T18:32,CARDIO,2
2023-11-18T18:33,CARDIO,2
2023-11-18T18:34,CARDIO,2
2023-11-18T18:35,CARDIO,2
2023-11-18T18:36,CARDIO,2
2023-11-18T18:37,CARDIO,2
2023-11-18T18:38,PEAK,2
2023-11-18T18:39,PEAK,2
2023-11-18T18:40,PEAK,2
2023-11-18T18:41,PEAK,2
2023-11-18T18:42,CARDIO,2
2023-11-18T18:43,CARDIO,2
2023-11-18T18:44,CARDIO,2
2023-11-18T18:45,CARDIO,2
2023-11-18T18:46,PEAK,2
2023-11-18T18:47,PEAK,2
2023-11-18T18:48,PEAK,2
2023-11-18T18:49,PEAK,2
2023-11-18T18:50,CARDIO,2
2023-11-18T18:51,CARDIO,2
2023-11-18T18:52,CARDIO,2
2023-11-18T18:53,CARDIO,2
2023-11-18T18:54,CARDIO,2
2023-11-18T18:55,FAT_BURN,1
2023-11-18T18:56,FAT_BURN,1
2023-11-18T18:57,FAT_BURN,1
2023-11-18T18:58,CARDIO,2
2023-11-18T18:59,CARDIO,2
2023-11-18T19:00,CARDIO,2
2023-11-18T19:01,CARDIO,2
2023-11-18T19:02,CARDIO,2
2023-11-18T19:03,CARDIO,2
2023-11-18T19:04,CARDIO,2
2023-11-18T19:05,FAT_BURN,1
2023-11-18T19:06,FAT_BURN,1
2023-11-18T19:07,CARDIO,2
2023-11-18T19:08,CARDIO,2
2023-11-18T19:09,PEAK,2
2023-11-18T19:10,CARDIO,2
2023-11-18T19:11,CARDIO,2
2023-11-18T19:12,PEAK,2
2023-11-18T19:13,PEAK,2
2023-11-18T19:14,PEAK,2
2023-11-18T19:15,PEAK,2
2023-11-18T19:16,PEAK,2
2023-11-18T19:17,PEAK,2
2023-11-18T19:18,CARDIO,2
2023-11-18T19:19,FAT_BURN,1
2023-11-18T19:20,CARDIO,2
2023-11-18T19:21,CARDIO,2
2023-11-18T19:22,CARDIO,2
2023-11-18T19:23,CARDIO,2
2023-11-18T19:24,FAT_BURN,1
2023-11-18T19:25,FAT_BURN,1
2023-11-18T19:26,FAT_BURN,1
2023-11-18T19:28,FAT_BURN,1
2023-11-18T19:29,FAT_BURN,1
2023-11-18T19:30,FAT_BURN,1
2023-11-18T19:33,FAT_BURN,1
2023-11-18T19:35,CARDIO,2
2023-11-18T19:37,CARDIO,2
2023-11-18T19:38,CARDIO,2
2023-11-18T20:33,CARDIO,2
2023-11-18T20:34,CARDIO,2
2023-11-19T00:45,FAT_BURN,1
2023-11-19T00:46,FAT_BURN,1
2023-11-19T00:50,FAT_BURN,1
2023-11-19T00:51,FAT_BURN,1
2023-11-19T00:52,FAT_BURN,1
2023-11-19T00:53,FAT_BURN,1
2023-11-19T00:54,FAT_BURN,1
2023-11-19T00:55,FAT_BURN,1
2023-11-19T01:00,FAT_BURN,1
2023-11-19T09:40,FAT_BURN,1
2023-11-19T09:41,FAT_BURN,1
2023-11-19T09:42,FAT_BURN,1
2023-11-19T09:43,FAT_BURN,1
2023-11-19T09:50,FAT_BURN,1
2023-11-19T09:51,FAT_BURN,1
2023-11-19T09:52,FAT_BURN,1
2023-11-19T09:58,FAT_BURN,1
2023-11-19T09:59,FAT_BURN,1
2023-11-19T10:00,FAT_BURN,1
2023-11-19T10:04,FAT_BURN,1
2023-11-19T10:05,FAT_BURN,1
2023-11-19T10:10,FAT_BURN,1
2023-11-19T10:12,FAT_BURN,1
2023-11-19T10:13,FAT_BURN,1
2023-11-19T10:14,FAT_BURN,1
2023-11-19T10:15,FAT_BURN,1
2023-11-19T10:17,FAT_BURN,1
2023-11-19T11:23,FAT_BURN,1
2023-11-19T11:24,FAT_BURN,1
2023-11-19T11:53,FAT_BURN,1
2023-11-19T11:54,FAT_BURN,1
2023-11-19T11:55,FAT_BURN,1
2023-11-19T12:02,FAT_BURN,1
2023-11-19T12:03,FAT_BURN,1
2023-11-19T12:04,FAT_BURN,1
2023-11-19T12:06,FAT_BURN,1
2023-11-19T12:11,FAT_BURN,1
2023-11-19T12:12,FAT_BURN,1
2023-11-19T12:13,FAT_BURN,1
2023-11-19T12:15,FAT_BURN,1
2023-11-19T12:44,FAT_BURN,1
2023-11-19T13:00,FAT_BURN,1
2023-11-19T13:02,FAT_BURN,1
2023-11-19T13:03,FAT_BURN,1
2023-11-19T13:04,FAT_BURN,1
2023-11-19T13:05,FAT_BURN,1
2023-11-19T13:06,FAT_BURN,1
2023-11-19T13:07,FAT_BURN,1
2023-11-19T13:08,FAT_BURN,1
2023-11-19T13:09,FAT_BURN,1
2023-11-19T13:10,FAT_BURN,1
2023-11-19T13:11,FAT_BURN,1
2023-11-19T13:14,FAT_BURN,1
2023-11-19T13:15,FAT_BURN,1
2023-11-19T13:16,FAT_BURN,1
2023-11-19T13:17,FAT_BURN,1
2023-11-19T13:23,FAT_BURN,1
2023-11-19T13:24,FAT_BURN,1
2023-11-19T13:25,FAT_BURN,1
2023-11-19T13:26,FAT_BURN,1
2023-11-19T13:27,FAT_BURN,1
2023-11-19T13:28,FAT_BURN,1
2023-11-19T13:29,FAT_BURN,1
2023-11-19T13:30,FAT_BURN,1
2023-11-19T13:31,FAT_BURN,1
2023-11-19T13:32,CARDIO,2
2023-11-19T13:33,CARDIO,2
2023-11-19T13:34,CARDIO,2
2023-11-19T13:35,CARDIO,2
2023-11-19T13:36,FAT_BURN,1
2023-11-19T14:23,FAT_BURN,1
2023-11-19T14:24,FAT_BURN,1
2023-11-19T14:25,FAT_BURN,1
2023-11-19T14:26,FAT_BURN,1
2023-11-19T14:27,FAT_BURN,1
2023-11-19T14:28,FAT_BURN,1
2023-11-19T14:29,FAT_BURN,1
2023-11-19T14:30,FAT_BURN,1
2023-11-19T14:31,FAT_BURN,1
2023-11-19T14:32,CARDIO,2
2023-11-19T14:33,CARDIO,2
2023-11-19T14:34,CARDIO,2
2023-11-19T14:35,CARDIO,2
2023-11-19T14:36,FAT_BURN,1
2023-11-19T14:37,FAT_BURN,1
2023-11-19T14:38,FAT_BURN,1
2023-11-19T14:39,FAT_BURN,1
2023-11-19T14:40,FAT_BURN,1
2023-11-19T14:42,FAT_BURN,1
2023-11-19T14:43,FAT_BURN,1
2023-11-19T14:44,CARDIO,2
2023-11-19T14:45,FAT_BURN,1
2023-11-19T16:07,FAT_BURN,1
2023-11-19T16:08,FAT_BURN,1
2023-11-19T16:09,FAT_BURN,1
2023-11-19T16:10,FAT_BURN,1
2023-11-19T16:11,FAT_BURN,1
2023-11-19T16:42,FAT_BURN,1
2023-11-19T16:56,FAT_BURN,1
2023-11-19T16:57,FAT_BURN,1
2023-11-19T16:58,FAT_BURN,1
2023-11-19T17:00,FAT_BURN,1
2023-11-19T17:01,CARDIO,2
2023-11-19T17:02,CARDIO,2
2023-11-19T17:03,CARDIO,2
2023-11-19T17:04,PEAK,2
2023-11-19T17:05,PEAK,2
2023-11-19T17:06,CARDIO,2
2023-11-19T17:07,FAT_BURN,1
2023-11-19T17:08,FAT_BURN,1
2023-11-19T18:05,CARDIO,2
2023-11-19T18:06,PEAK,2
2023-11-19T18:07,PEAK,2
2023-11-19T18:08,CARDIO,2
2023-11-19T18:09,CARDIO,2
2023-11-19T18:10,FAT_BURN,1
2023-11-19T18:11,FAT_BURN,1
2023-11-19T18:12,FAT_BURN,1
2023-11-19T18:13,FAT_BURN,1
2023-11-19T18:14,FAT_BURN,1
2023-11-19T18:20,FAT_BURN,1
2023-11-19T18:21,FAT_BURN,1
2023-11-19T19:37,FAT_BURN,1
2023-11-19T19:42,FAT_BURN,1
2023-11-19T20:37,FAT_BURN,1
2023-11-19T22:35,FAT_BURN,1
2023-11-19T22:37,FAT_BURN,1
2023-11-19T22:38,FAT_BURN,1
2023-11-19T22:39,FAT_BURN,1
2023-11-19T22:48,FAT_BURN,1
2023-11-19T23:15,FAT_BURN,1
2023-11-19T23:16,FAT_BURN,1
2023-11-19T23:17,FAT_BURN,1
2023-11-19T23:29,FAT_BURN,1
2023-11-19T23:33,FAT_BURN,1
2023-11-19T23:34,FAT_BURN,1
2023-11-19T23:35,FAT_BURN,1
2023-11-19T23:45,FAT_BURN,1
2023-11-20T06:57,FAT_BURN,1
2023-11-20T06:58,FAT_BURN,1
2023-11-20T06:59,FAT_BURN,1
2023-11-20T07:00,FAT_BURN,1
2023-11-20T07:01,FAT_BURN,1
2023-11-20T07:13,FAT_BURN,1
2023-11-20T07:16,FAT_BURN,1
2023-11-20T07:17,FAT_BURN,1
2023-11-20T07:18,FAT_BURN,1
2023-11-20T07:19,FAT_BURN,1
2023-11-20T07:20,FAT_BURN,1
2023-11-20T07:21,FAT_BURN,1
2023-11-20T07:22,FAT_BURN,1
2023-11-20T07:23,FAT_BURN,1
2023-11-20T07:24,FAT_BURN,1
2023-11-20T07:25,FAT_BURN,1
2023-11-20T07:26,FAT_BURN,1
2023-11-20T07:29,FAT_BURN,1
2023-11-20T07:33,FAT_BURN,1
2023-11-20T07:34,FAT_BURN,1
2023-11-20T07:35,FAT_BURN,1
2023-11-20T07:36,FAT_BURN,1
2023-11-20T07:37,FAT_BURN,1
2023-11-20T07:38,FAT_BURN,1
2023-11-20T07:39,FAT_BURN,1
2023-11-20T07:40,FAT_BURN,1
2023-11-20T07:41,FAT_BURN,1
2023-11-20T07:42,FAT_BURN,1
2023-11-20T07:44,CARDIO,2
2023-11-20T07:45,CARDIO,2
2023-11-20T07:46,CARDIO,2
2023-11-20T07:47,CARDIO,2
2023-11-20T07:48,FAT_BURN,1
2023-11-20T07:49,FAT_BURN,1
2023-11-20T07:50,FAT_BURN,1
2023-11-20T07:51,FAT_BURN,1
2023-11-20T07:52,FAT_BURN,1
2023-11-20T07:53,FAT_BURN,1
2023-11-20T07:54,FAT_BURN,1
2023-11-20T07:55,FAT_BURN,1
2023-11-20T07:56,FAT_BURN,1
2023-11-20T07:57,FAT_BURN,1
2023-11-20T07:58,FAT_BURN,1
2023-11-20T07:59,FAT_BURN,1
2023-11-20T08:00,FAT_BURN,1
2023-11-20T08:01,FAT_BURN,1
2023-11-20T08:02,FAT_BURN,1
2023-11-20T08:10,FAT_BURN,1
2023-11-20T08:11,FAT_BURN,1
2023-11-20T08:12,FAT_BURN,1
2023-11-20T08:13,FAT_BURN,1
2023-11-20T08:14,FAT_BURN,1
2023-11-20T08:15,FAT_BURN,1
2023-11-20T08:16,FAT_BURN,1
2023-11-20T08:25,FAT_BURN,1
2023-11-20T08:26,FAT_BURN,1
2023-11-20T08:27,FAT_BURN,1
2023-11-20T08:28,FAT_BURN,1
2023-11-20T08:29,FAT_BURN,1
2023-11-20T08:30,FAT_BURN,1
2023-11-20T08:31,FAT_BURN,1
2023-11-20T08:32,FAT_BURN,1
2023-11-20T09:00,FAT_BURN,1
2023-11-20T09:01,FAT_BURN,1
2023-11-20T09:02,FAT_BURN,1
2023-11-20T09:03,FAT_BURN,1
2023-11-20T09:04,FAT_BURN,1
2023-11-20T09:05,FAT_BURN,1
2023-11-20T09:06,FAT_BURN,1
2023-11-20T10:04,FAT_BURN,1
2023-11-20T10:05,FAT_BURN,1
2023-11-20T10:06,FAT_BURN,1
2023-11-20T10:07,FAT_BURN,1
2023-11-20T10:08,FAT_BURN,1
2023-11-20T10:09,FAT_BURN,1
2023-11-20T10:10,FAT_BURN,1
2023-11-20T10:11,FAT_BURN,1
2023-11-20T10:12,FAT_BURN,1
2023-11-20T10:13,FAT_BURN,1
2023-11-20T10:14,FAT_BURN,1
2023-11-20T10:15,FAT_BURN,1
2023-11-20T10:16,FAT_BURN,1
2023-11-20T10:17,FAT_BURN,1
2023-11-20T10:27,FAT_BURN,1
2023-11-20T13:11,FAT_BURN,1
2023-11-20T13:12,FAT_BURN,1
2023-11-20T13:13,FAT_BURN,1
2023-11-20T13:14,CARDIO,2
2023-11-20T13:15,CARDIO,2
2023-11-20T13:16,CARDIO,2
2023-11-20T13:17,CARDIO,2
2023-11-20T13:20,FAT_BURN,1
2023-11-20T13:21,FAT_BURN,1
2023-11-20T13:24,FAT_BURN,1
2023-11-20T13:25,FAT_BURN,1
2023-11-20T13:26,FAT_BURN,1
2023-11-20T13:27,FAT_BURN,1
2023-11-20T13:28,CARDIO,2
2023-11-20T13:30,CARDIO,2
2023-11-20T13:31,FAT_BURN,1
2023-11-20T13:32,FAT_BURN,1
2023-11-20T15:22,FAT_BURN,1
2023-11-20T16:35,FAT_BURN,1
2023-11-20T16:36,FAT_BURN,1
2023-11-20T16:37,FAT_BURN,1
2023-11-20T17:07,FAT_BURN,1
2023-11-20T17:08,FAT_BURN,1
2023-11-20T17:09,FAT_BURN,1
2023-11-20T17:10,FAT_BURN,1
2023-11-20T17:11,FAT_BURN,1
2023-11-20T17:12,FAT_BURN,1
2023-11-20T17:49,FAT_BURN,1
2023-11-20T17:50,FAT_BURN,1
2023-11-20T17:51,FAT_BURN,1
2023-11-20T17:52,FAT_BURN,1
2023-11-20T17:53,FAT_BURN,1
2023-11-20T17:59,FAT_BURN,1
2023-11-20T18:00,FAT_BURN,1
2023-11-20T18:01,FAT_BURN,1
2023-11-20T18:02,FAT_BURN,1
2023-11-20T18:03,FAT_BURN,1
2023-11-20T18:04,FAT_BURN,1
2023-11-20T18:05,FAT_BURN,1
2023-11-20T18:06,FAT_BURN,1
2023-11-20T18:08,FAT_BURN,1
2023-11-20T18:13,FAT_BURN,1
2023-11-20T18:17,FAT_BURN,1
2023-11-20T19:03,FAT_BURN,1
2023-11-20T19:04,FAT_BURN,1
2023-11-20T19:05,FAT_BURN,1
2023-11-20T19:06,FAT_BURN,1
2023-11-20T19:07,FAT_BURN,1
2023-11-20T19:08,FAT_BURN,1
2023-11-20T19:26,FAT_BURN,1
2023-11-20T19:48,FAT_BURN,1
2023-11-20T19:49,FAT_BURN,1
2023-11-20T19:50,FAT_BURN,1
2023-11-20T19:51,FAT_BURN,1
2023-11-20T19:52,FAT_BURN,1
2023-11-20T19:53,FAT_BURN,1
2023-11-20T19:54,FAT_BURN,1
2023-11-20T19:55,FAT_BURN,1
2023-11-20T19:56,FAT_BURN,1
2023-11-20T19:57,FAT_BURN,1
2023-11-20T20:05,FAT_BURN,1
2023-11-20T20:06,FAT_BURN,1
2023-11-20T20:07,FAT_BURN,1
2023-11-20T20:08,FAT_BURN,1
2023-11-20T20:09,FAT_BURN,1
2023-11-20T20:10,FAT_BURN,1
2023-11-20T20:11,FAT_BURN,1
2023-11-20T20:12,FAT_BURN,1
2023-11-20T20:13,FAT_BURN,1
2023-11-20T20:14,FAT_BURN,1
2023-11-20T20:15,FAT_BURN,1
2023-11-20T20:16,FAT_BURN,1
2023-11-20T20:17,FAT_BURN,1
2023-11-20T20:18,FAT_BURN,1
2023-11-20T20:19,FAT_BURN,1
2023-11-20T20:20,FAT_BURN,1
2023-11-20T20:21,FAT_BURN,1
2023-11-20T20:22,FAT_BURN,1
2023-11-20T20:23,FAT_BURN,1
2023-11-20T20:24,FAT_BURN,1
2023-11-20T20:25,FAT_BURN,1
2023-11-20T20:26,FAT_BURN,1
2023-11-20T21:19,FAT_BURN,1
2023-11-20T21:20,FAT_BURN,1
2023-11-20T21:21,FAT_BURN,1
2023-11-21T10:46,CARDIO,2
2023-11-21T10:47,CARDIO,2
2023-11-21T10:48,CARDIO,2
2023-11-21T10:49,CARDIO,2
2023-11-21T10:50,CARDIO,2
2023-11-21T10:51,CARDIO,2
2023-11-21T10:52,CARDIO,2
2023-11-21T10:53,CARDIO,2
2023-11-21T10:54,CARDIO,2
2023-11-21T18:05,FAT_BURN,1
2023-11-21T19:08,FAT_BURN,1
2023-11-21T19:09,FAT_BURN,1
2023-11-21T19:10,FAT_BURN,1
2023-11-21T19:11,FAT_BURN,1
2023-11-21T19:12,FAT_BURN,1
2023-11-21T19:15,FAT_BURN,1
2023-11-21T19:16,FAT_BURN,1
2023-11-21T19:26,FAT_BURN,1
2023-11-21T19:27,FAT_BURN,1
2023-11-21T19:28,FAT_BURN,1
2023-11-21T19:29,FAT_BURN,1
2023-11-21T19:30,FAT_BURN,1
2023-11-21T19:31,FAT_BURN,1
2023-11-21T19:44,FAT_BURN,1
2023-11-21T19:45,FAT_BURN,1
2023-11-21T19:46,FAT_BURN,1
2023-11-22T07:07,FAT_BURN,1
2023-11-22T07:44,FAT_BURN,1
2023-11-22T07:45,FAT_BURN,1
2023-11-22T07:46,FAT_BURN,1
2023-11-22T07:47,FAT_BURN,1
2023-11-22T07:48,FAT_BURN,1
2023-11-22T07:50,FAT_BURN,1
2023-11-22T08:00,FAT_BURN,1
2023-11-22T08:19,FAT_BURN,1
2023-11-22T08:20,FAT_BURN,1
2023-11-22T08:21,FAT_BURN,1
2023-11-22T08:22,FAT_BURN,1
2023-11-22T08:23,FAT_BURN,1
2023-11-22T08:24,FAT_BURN,1
2023-11-22T08:25,FAT_BURN,1
2023-11-22T08:26,FAT_BURN,1
2023-11-22T08:27,FAT_BURN,1
2023-11-22T08:28,FAT_BURN,1
2023-11-22T08:29,FAT_BURN,1
2023-11-22T08:30,FAT_BURN,1
2023-11-22T08:31,FAT_BURN,1
2023-11-22T08:32,FAT_BURN,1
2023-11-22T08:33,FAT_BURN,1
2023-11-22T08:44,FAT_BURN,1
2023-11-22T08:45,FAT_BURN,1
2023-11-22T09:14,FAT_BURN,1
2023-11-22T09:15,FAT_BURN,1
2023-11-22T14:35,FAT_BURN,1
2023-11-22T14:37,PEAK,2
2023-11-22T14:38,PEAK,2
2023-11-22T14:39,PEAK,2
2023-11-22T14:40,PEAK,2
2023-11-22T14:41,PEAK,2
2023-11-22T14:45,CARDIO,2
2023-11-22T14:48,FAT_BURN,1
2023-11-22T14:49,FAT_BURN,1
2023-11-22T14:53,PEAK,2
2023-11-22T14:54,PEAK,2
2023-11-22T14:55,PEAK,2
2023-11-22T14:56,PEAK,2
2023-11-22T14:57,PEAK,2
2023-11-22T14:59,CARDIO,2
2023-11-22T15:00,CARDIO,2
2023-11-22T15:04,FAT_BURN,1
2023-11-22T15:05,FAT_BURN,1
2023-11-22T15:06,FAT_BURN,1
2023-11-22T15:07,FAT_BURN,1
2023-11-22T15:08,CARDIO,2
2023-11-22T15:09,CARDIO,2
2023-11-22T15:10,FAT_BURN,1
2023-11-22T15:11,FAT_BURN,1
2023-11-22T15:12,CARDIO,2
2023-11-22T15:13,CARDIO,2
2023-11-22T15:36,FAT_BURN,1
2023-11-22T15:38,CARDIO,2
2023-11-22T15:40,FAT_BURN,1
2023-11-22T15:41,FAT_BURN,1
2023-11-22T15:42,CARDIO,2
2023-11-22T15:43,FAT_BURN,1
2023-11-22T15:44,FAT_BURN,1
2023-11-22T15:45,CARDIO,2
2023-11-22T15:47,FAT_BURN,1
2023-11-22T15:50,FAT_BURN,1
2023-11-22T15:51,FAT_BURN,1
2023-11-22T15:52,CARDIO,2
2023-11-22T15:53,CARDIO,2
2023-11-22T15:55,CARDIO,2
2023-11-22T15:56,CARDIO,2
2023-11-22T15:58,CARDIO,2
2023-11-22T15:59,CARDIO,2
2023-11-22T16:02,FAT_BURN,1
2023-11-22T16:03,FAT_BURN,1
2023-11-22T16:10,CARDIO,2
2023-11-22T16:11,CARDIO,2
2023-11-22T16:12,CARDIO,2
2023-11-22T16:13,CARDIO,2
2023-11-22T16:15,FAT_BURN,1
2023-11-22T16:17,PEAK,2
2023-11-22T16:18,PEAK,2
2023-11-22T16:19,PEAK,2
2023-11-22T16:20,CARDIO,2
2023-11-22T16:22,CARDIO,2
2023-11-22T16:23,FAT_BURN,1
2023-11-22T16:31,FAT_BURN,1
2023-11-22T16:32,FAT_BURN,1
2023-11-22T16:33,CARDIO,2
2023-11-22T16:34,FAT_BURN,1
2023-11-22T16:56,FAT_BURN,1
2023-11-22T17:00,FAT_BURN,1
2023-11-22T17:01,CARDIO,2
2023-11-22T17:02,FAT_BURN,1
2023-11-22T17:15,FAT_BURN,1
2023-11-22T17:22,FAT_BURN,1
2023-11-22T17:29,FAT_BURN,1
2023-11-22T17:31,FAT_BURN,1
2023-11-22T17:32,FAT_BURN,1
2023-11-22T17:33,FAT_BURN,1
2023-11-22T17:36,FAT_BURN,1
2023-11-22T17:40,FAT_BURN,1
2023-11-22T17:41,FAT_BURN,1
2023-11-22T17:44,FAT_BURN,1
2023-11-22T17:45,FAT_BURN,1
2023-11-22T17:51,FAT_BURN,1
2023-11-22T17:52,FAT_BURN,1
2023-11-22T17:54,FAT_BURN,1
2023-11-22T17:55,FAT_BURN,1
2023-11-22T17:57,FAT_BURN,1
2023-11-22T17:58,FAT_BURN,1
2023-11-22T17:59,FAT_BURN,1
2023-11-22T18:10,FAT_BURN,1
2023-11-22T18:11,FAT_BURN,1
2023-11-22T18:12,FAT_BURN,1
2023-11-22T18:13,FAT_BURN,1
2023-11-22T18:14,FAT_BURN,1
2023-11-22T18:22,CARDIO,2
2023-11-22T18:23,FAT_BURN,1
2023-11-22T18:24,FAT_BURN,1
2023-11-22T18:25,FAT_BURN,1
2023-11-22T18:28,FAT_BURN,1
2023-11-22T18:35,FAT_BURN,1
2023-11-22T18:36,FAT_BURN,1
2023-11-22T18:37,FAT_BURN,1
2023-11-22T18:44,FAT_BURN,1
2023-11-22T18:45,FAT_BURN,1
2023-11-22T18:46,FAT_BURN,1
2023-11-22T18:47,FAT_BURN,1
2023-11-22T18:49,FAT_BURN,1
2023-11-22T18:52,FAT_BURN,1
2023-11-22T18:53,FAT_BURN,1
2023-11-22T18:59,FAT_BURN,1
2023-11-22T19:00,FAT_BURN,1
2023-11-22T19:01,FAT_BURN,1
2023-11-22T19:21,FAT_BURN,1
2023-11-22T20:25,FAT_BURN,1
2023-11-22T20:26,FAT_BURN,1
2023-11-22T20:32,FAT_BURN,1
2023-11-23T07:29,FAT_BURN,1
2023-11-23T07:30,FAT_BURN,1
2023-11-23T07:31,FAT_BURN,1
2023-11-23T07:32,FAT_BURN,1
2023-11-23T07:33,FAT_BURN,1
2023-11-23T07:34,FAT_BURN,1
2023-11-23T07:35,FAT_BURN,1
2023-11-23T08:08,FAT_BURN,1
2023-11-23T08:09,CARDIO,2
2023-11-23T08:10,CARDIO,2
2023-11-23T08:11,CARDIO,2
2023-11-23T08:12,CARDIO,2
2023-11-23T08:13,CARDIO,2
2023-11-23T08:14,FAT_BURN,1
2023-11-23T08:18,FAT_BURN,1
2023-11-23T08:19,FAT_BURN,1
2023-11-23T08:20,FAT_BURN,1
2023-11-23T08:21,FAT_BURN,1
2023-11-23T08:50,FAT_BURN,1
2023-11-23T09:14,FAT_BURN,1
2023-11-23T12:29,CARDIO,2
2023-11-23T12:30,PEAK,2
2023-11-23T15:33,FAT_BURN,1
2023-11-23T15:34,FAT_BURN,1
2023-11-23T15:35,FAT_BURN,1
2023-11-23T15:36,FAT_BURN,1
2023-11-23T15:52,FAT_BURN,1
2023-11-23T15:53,FAT_BURN,1
2023-11-23T17:33,FAT_BURN,1
2023-11-23T17:34,FAT_BURN,1
2023-11-23T17:35,FAT_BURN,1
2023-11-23T17:36,CARDIO,2
2023-11-23T17:37,FAT_BURN,1
2023-11-23T17:40,FAT_BURN,1
2023-11-23T17:41,CARDIO,2
2023-11-23T17:42,CARDIO,2
2023-11-23T17:43,CARDIO,2
2023-11-23T17:44,CARDIO,2
2023-11-23T17:45,FAT_BURN,1
2023-11-24T08:01,CARDIO,2
2023-11-24T08:20,FAT_BURN,1
2023-11-24T08:21,CARDIO,2
2023-11-24T15:59,FAT_BURN,1
2023-11-24T16:00,FAT_BURN,1
2023-11-24T16:01,FAT_BURN,1
2023-11-24T17:21,FAT_BURN,1
2023-11-24T17:22,FAT_BURN,1
2023-11-24T17:23,FAT_BURN,1
2023-11-24T17:24,FAT_BURN,1
2023-11-24T17:25,FAT_BURN,1
2023-11-24T17:26,FAT_BURN,1
2023-11-24T17:28,FAT_BURN,1
2023-11-24T17:29,FAT_BURN,1
2023-11-24T17:30,FAT_BURN,1
2023-11-24T17:31,FAT_BURN,1
2023-11-24T17:32,FAT_BURN,1
2023-11-24T17:33,FAT_BURN,1
2023-11-24T17:34,FAT_BURN,1
2023-11-24T17:36,CARDIO,2
2023-11-24T17:37,CARDIO,2
2023-11-24T17:50,FAT_BURN,1
2023-11-24T17:51,FAT_BURN,1
2023-11-24T17:52,FAT_BURN,1
2023-11-24T17:53,FAT_BURN,1
2023-11-24T17:54,FAT_BURN,1
2023-11-24T17:55,FAT_BURN,1
2023-11-24T17:56,FAT_BURN,1
2023-11-24T17:57,FAT_BURN,1
2023-11-24T17:58,FAT_BURN,1
2023-11-24T17:59,FAT_BURN,1
2023-11-24T18:00,FAT_BURN,1
2023-11-24T18:01,FAT_BURN,1
2023-11-24T18:02,FAT_BURN,1
2023-11-24T18:03,FAT_BURN,1
2023-11-24T18:04,FAT_BURN,1
2023-11-24T18:10,FAT_BURN,1
2023-11-24T21:02,FAT_BURN,1
2023-11-25T07:50,FAT_BURN,1
2023-11-25T07:51,CARDIO,2
2023-11-25T08:22,FAT_BURN,1
2023-11-25T08:23,FAT_BURN,1
2023-11-25T08:24,FAT_BURN,1
2023-11-25T08:25,CARDIO,2
2023-11-25T08:26,CARDIO,2
2023-11-25T08:27,FAT_BURN,1
2023-11-25T15:13,FAT_BURN,1
2023-11-25T15:35,FAT_BURN,1
2023-11-25T15:36,FAT_BURN,1
2023-11-25T15:37,FAT_BURN,1
2023-11-25T15:38,FAT_BURN,1
2023-11-25T15:39,FAT_BURN,1
2023-11-25T15:40,FAT_BURN,1
2023-11-25T15:41,FAT_BURN,1
2023-11-25T15:42,FAT_BURN,1
2023-11-25T16:10,FAT_BURN,1
2023-11-25T16:11,FAT_BURN,1
2023-11-25T16:12,FAT_BURN,1
2023-11-25T16:13,FAT_BURN,1
2023-11-25T16:14,FAT_BURN,1
2023-11-25T16:15,FAT_BURN,1
2023-11-25T16:16,FAT_BURN,1
2023-11-25T16:17,FAT_BURN,1
2023-11-25T16:18,FAT_BURN,1
2023-11-25T16:19,FAT_BURN,1
2023-11-25T16:20,FAT_BURN,1
2023-11-25T16:21,FAT_BURN,1
2023-11-25T16:23,FAT_BURN,1
2023-11-25T16:24,FAT_BURN,1
2023-11-25T16:25,FAT_BURN,1
2023-11-25T16:26,FAT_BURN,1
2023-11-25T16:27,FAT_BURN,1
2023-11-25T16:28,FAT_BURN,1
2023-11-25T16:29,FAT_BURN,1
2023-11-25T16:30,FAT_BURN,1
2023-11-25T16:33,FAT_BURN,1
2023-11-25T16:34,FAT_BURN,1
2023-11-25T16:35,FAT_BURN,1
2023-11-25T16:36,FAT_BURN,1
2023-11-25T16:56,FAT_BURN,1
2023-11-25T16:57,FAT_BURN,1
2023-11-25T16:58,FAT_BURN,1
2023-11-25T17:01,FAT_BURN,1
2023-11-25T17:02,FAT_BURN,1
2023-11-25T17:03,FAT_BURN,1
2023-11-25T17:04,FAT_BURN,1
2023-11-25T17:30,FAT_BURN,1
2023-11-25T17:31,FAT_BURN,1
2023-11-25T17:32,FAT_BURN,1
2023-11-25T17:33,FAT_BURN,1
2023-11-25T17:34,FAT_BURN,1
2023-11-25T17:35,FAT_BURN,1
2023-11-25T17:36,FAT_BURN,1
2023-11-25T17:37,FAT_BURN,1
2023-11-25T17:38,FAT_BURN,1
2023-11-25T17:39,FAT_BURN,1
2023-11-25T17:40,FAT_BURN,1
2023-11-25T17:41,FAT_BURN,1
2023-11-25T17:42,FAT_BURN,1
2023-11-25T17:43,FAT_BURN,1
2023-11-25T17:44,FAT_BURN,1
2023-11-25T17:47,FAT_BURN,1
2023-11-25T17:48,FAT_BURN,1
2023-11-25T17:49,FAT_BURN,1
2023-11-25T17:50,FAT_BURN,1
2023-11-25T17:51,FAT_BURN,1
2023-11-25T17:52,FAT_BURN,1
2023-11-25T17:53,FAT_BURN,1
2023-11-25T17:54,FAT_BURN,1
2023-11-25T17:55,FAT_BURN,1
2023-11-25T17:56,FAT_BURN,1
2023-11-25T17:57,FAT_BURN,1
2023-11-25T17:58,FAT_BURN,1
2023-11-25T18:37,FAT_BURN,1
2023-11-25T18:38,FAT_BURN,1
2023-11-25T18:39,FAT_BURN,1
2023-11-25T19:12,FAT_BURN,1
2023-11-25T19:13,FAT_BURN,1
2023-11-25T19:14,FAT_BURN,1
2023-11-25T19:15,FAT_BURN,1
2023-11-25T19:16,FAT_BURN,1
2023-11-25T19:17,FAT_BURN,1
2023-11-25T19:18,FAT_BURN,1
2023-11-25T19:19,FAT_BURN,1
2023-11-25T19:20,FAT_BURN,1
2023-11-25T19:21,FAT_BURN,1
2023-11-25T19:23,FAT_BURN,1
2023-11-25T19:24,FAT_BURN,1
2023-11-25T19:28,FAT_BURN,1
2023-11-25T19:29,FAT_BURN,1
2023-11-25T19:30,FAT_BURN,1
2023-11-27T01:05,FAT_BURN,1
2023-11-27T01:07,FAT_BURN,1
2023-11-27T01:08,FAT_BURN,1
2023-11-27T01:09,FAT_BURN,1
2023-11-27T01:10,FAT_BURN,1
2023-11-27T01:11,FAT_BURN,1
2023-11-27T01:12,FAT_BURN,1
2023-11-27T01:13,FAT_BURN,1
2023-11-27T01:14,FAT_BURN,1
2023-11-27T01:15,FAT_BURN,1
2023-11-27T01:16,FAT_BURN,1
2023-11-27T01:17,FAT_BURN,1
2023-11-27T01:18,FAT_BURN,1
2023-11-27T01:19,FAT_BURN,1
2023-11-27T01:21,FAT_BURN,1
2023-11-27T01:22,FAT_BURN,1
2023-11-27T01:23,FAT_BURN,1
2023-11-27T01:24,FAT_BURN,1
2023-11-27T01:25,FAT_BURN,1
2023-11-27T06:06,FAT_BURN,1
2023-11-27T06:07,FAT_BURN,1
2023-11-27T06:08,FAT_BURN,1
2023-11-27T06:09,FAT_BURN,1
2023-11-27T06:10,FAT_BURN,1
2023-11-27T06:34,FAT_BURN,1
2023-11-27T06:35,FAT_BURN,1
2023-11-27T06:36,CARDIO,2
2023-11-27T06:37,CARDIO,2
2023-11-27T06:38,FAT_BURN,1
2023-11-27T06:39,FAT_BURN,1
2023-11-27T07:01,FAT_BURN,1
2023-11-27T07:05,FAT_BURN,1
2023-11-27T07:06,FAT_BURN,1
2023-11-27T07:07,FAT_BURN,1
2023-11-27T07:08,FAT_BURN,1
2023-11-27T07:09,FAT_BURN,1
2023-11-27T07:10,FAT_BURN,1
2023-11-27T07:11,FAT_BURN,1
2023-11-27T07:15,FAT_BURN,1
2023-11-27T07:16,FAT_BURN,1
2023-11-27T07:17,FAT_BURN,1
2023-11-27T07:18,FAT_BURN,1
2023-11-27T07:19,FAT_BURN,1
2023-11-27T07:20,FAT_BURN,1
2023-11-27T07:21,FAT_BURN,1
2023-11-27T07:22,FAT_BURN,1
2023-11-27T07:24,FAT_BURN,1
2023-11-27T08:04,FAT_BURN,1
2023-11-27T13:02,FAT_BURN,1
2023-11-27T13:20,FAT_BURN,1
2023-11-27T13:21,CARDIO,2
2023-11-27T13:22,FAT_BURN,1
2023-11-27T14:26,FAT_BURN,1
2023-11-27T14:27,CARDIO,2
2023-11-27T14:38,FAT_BURN,1
2023-11-27T14:39,FAT_BURN,1
2023-11-27T14:40,FAT_BURN,1
2023-11-27T14:41,FAT_BURN,1
2023-11-27T14:42,FAT_BURN,1
2023-11-27T14:46,FAT_BURN,1
2023-11-27T15:50,FAT_BURN,1
2023-11-27T16:58,FAT_BURN,1
2023-11-27T16:59,FAT_BURN,1
2023-11-27T17:07,FAT_BURN,1
2023-11-27T17:08,FAT_BURN,1
2023-11-27T17:09,FAT_BURN,1
2023-11-27T17:10,FAT_BURN,1
2023-11-27T17:11,FAT_BURN,1
2023-11-27T18:00,FAT_BURN,1
2023-11-27T18:01,FAT_BURN,1
2023-11-27T18:02,FAT_BURN,1
2023-11-27T18:04,FAT_BURN,1
2023-11-27T18:05,FAT_BURN,1
2023-11-27T18:06,FAT_BURN,1
2023-11-27T20:15,FAT_BURN,1
2023-11-27T20:31,FAT_BURN,1
2023-11-27T20:34,FAT_BURN,1
2023-11-27T20:35,FAT_BURN,1
2023-11-27T20:37,FAT_BURN,1
2023-11-27T20:38,FAT_BURN,1
2023-11-27T20:39,FAT_BURN,1
2023-11-27T20:41,FAT_BURN,1
2023-11-27T20:45,FAT_BURN,1
2023-11-27T20:46,FAT_BURN,1
2023-11-27T20:47,FAT_BURN,1
2023-11-27T20:49,FAT_BURN,1
2023-11-27T20:50,FAT_BURN,1
2023-11-27T20:51,FAT_BURN,1
2023-11-27T20:52,FAT_BURN,1
2023-11-27T20:53,FAT_BURN,1
2023-11-27T20:54,FAT_BURN,1
2023-11-27T20:55,FAT_BURN,1
2023-11-27T20:56,FAT_BURN,1
2023-11-27T20:57,FAT_BURN,1
2023-11-27T20:58,FAT_BURN,1
2023-11-27T20:59,FAT_BURN,1
2023-11-27T21:00,FAT_BURN,1
2023-11-27T21:01,FAT_BURN,1
2023-11-27T22:28,FAT_BURN,1
2023-11-27T22:29,FAT_BURN,1
2023-11-27T22:30,FAT_BURN,1
2023-11-27T22:57,FAT_BURN,1
2023-11-27T22:58,FAT_BURN,1
2023-11-27T22:59,FAT_BURN,1
2023-11-27T23:02,FAT_BURN,1
2023-11-27T23:03,FAT_BURN,1
2023-11-28T05:39,FAT_BURN,1
2023-11-28T05:40,FAT_BURN,1
2023-11-28T05:41,FAT_BURN,1
2023-11-28T06:15,FAT_BURN,1
2023-11-28T06:16,FAT_BURN,1
2023-11-28T06:17,FAT_BURN,1
2023-11-28T06:28,FAT_BURN,1
2023-11-28T06:29,FAT_BURN,1
2023-11-28T06:31,FAT_BURN,1
2023-11-28T06:32,CARDIO,2
2023-11-28T06:33,FAT_BURN,1
2023-11-28T06:34,FAT_BURN,1
2023-11-28T06:39,FAT_BURN,1
2023-11-28T06:40,FAT_BURN,1
2023-11-28T06:41,FAT_BURN,1
2023-11-28T06:42,FAT_BURN,1
2023-11-28T06:43,FAT_BURN,1
2023-11-28T06:44,FAT_BURN,1
2023-11-28T06:45,FAT_BURN,1
2023-11-28T06:46,CARDIO,2
2023-11-28T06:47,CARDIO,2
2023-11-28T06:48,FAT_BURN,1
2023-11-28T06:49,CARDIO,2
2023-11-28T06:50,FAT_BURN,1
2023-11-28T06:51,FAT_BURN,1
2023-11-28T06:52,FAT_BURN,1
2023-11-28T06:53,FAT_BURN,1
2023-11-28T07:08,FAT_BURN,1
2023-11-28T07:12,FAT_BURN,1
2023-11-28T07:15,FAT_BURN,1
2023-11-28T07:16,FAT_BURN,1
2023-11-28T07:17,FAT_BURN,1
2023-11-28T07:19,FAT_BURN,1
2023-11-28T07:20,FAT_BURN,1
2023-11-28T07:21,FAT_BURN,1
2023-11-28T07:22,FAT_BURN,1
2023-11-28T07:23,FAT_BURN,1
2023-11-28T07:24,FAT_BURN,1
2023-11-28T07:41,FAT_BURN,1
2023-11-28T07:42,FAT_BURN,1
2023-11-28T07:43,FAT_BURN,1
2023-11-28T07:44,FAT_BURN,1
2023-11-28T07:45,FAT_BURN,1
2023-11-28T07:46,FAT_BURN,1
2023-11-28T07:47,FAT_BURN,1
2023-11-28T07:48,FAT_BURN,1
2023-11-28T07:49,FAT_BURN,1
2023-11-28T07:50,CARDIO,2
2023-11-28T07:51,CARDIO,2
2023-11-28T07:52,FAT_BURN,1
2023-11-28T07:53,FAT_BURN,1
2023-11-28T07:54,FAT_BURN,1
2023-11-28T07:55,FAT_BURN,1
2023-11-28T07:59,FAT_BURN,1
2023-11-28T08:00,FAT_BURN,1
2023-11-28T08:02,FAT_BURN,1
2023-11-28T08:03,FAT_BURN,1
2023-11-28T08:04,FAT_BURN,1
2023-11-28T08:05,CARDIO,2
2023-11-28T08:06,FAT_BURN,1
2023-11-28T08:07,FAT_BURN,1
2023-11-28T08:08,FAT_BURN,1
2023-11-28T08:09,FAT_BURN,1
2023-11-28T08:10,FAT_BURN,1
2023-11-28T08:11,FAT_BURN,1
2023-11-28T08:16,FAT_BURN,1
2023-11-28T08:17,FAT_BURN,1
2023-11-28T08:33,FAT_BURN,1
2023-11-28T08:36,FAT_BURN,1
2023-11-28T08:37,FAT_BURN,1
2023-11-28T08:38,FAT_BURN,1
2023-11-28T08:39,FAT_BURN,1
2023-11-28T08:40,FAT_BURN,1
2023-11-28T08:41,FAT_BURN,1
2023-11-28T08:43,FAT_BURN,1
2023-11-28T08:57,FAT_BURN,1
2023-11-28T08:58,FAT_BURN,1
2023-11-28T08:59,FAT_BURN,1
2023-11-28T09:00,FAT_BURN,1
2023-11-28T09:01,FAT_BURN,1
2023-11-28T09:02,FAT_BURN,1
2023-11-28T09:03,FAT_BURN,1
2023-11-28T09:04,FAT_BURN,1
2023-11-28T09:05,FAT_BURN,1
2023-11-28T11:09,FAT_BURN,1
2023-11-28T11:10,FAT_BURN,1
2023-11-28T11:11,FAT_BURN,1
2023-11-28T12:42,FAT_BURN,1
2023-11-28T12:43,FAT_BURN,1
2023-11-28T12:47,FAT_BURN,1
2023-11-28T12:48,FAT_BURN,1
2023-11-28T12:49,FAT_BURN,1
2023-11-28T12:50,FAT_BURN,1
2023-11-28T12:51,FAT_BURN,1
2023-11-28T12:52,FAT_BURN,1
2023-11-28T12:53,FAT_BURN,1
2023-11-28T12:54,FAT_BURN,1
2023-11-28T12:55,FAT_BURN,1
2023-11-28T12:56,FAT_BURN,1
2023-11-28T12:57,FAT_BURN,1
2023-11-28T12:58,FAT_BURN,1
2023-11-28T12:59,FAT_BURN,1
2023-11-28T13:00,FAT_BURN,1
2023-11-28T13:01,FAT_BURN,1
2023-11-28T13:02,FAT_BURN,1
2023-11-28T13:03,FAT_BURN,1
2023-11-28T13:32,CARDIO,2
2023-11-28T13:33,CARDIO,2
2023-11-28T13:34,FAT_BURN,1
2023-11-28T13:35,FAT_BURN,1
2023-11-28T13:36,FAT_BURN,1
2023-11-28T13:37,FAT_BURN,1
2023-11-28T13:38,FAT_BURN,1
2023-11-28T13:39,FAT_BURN,1
2023-11-28T13:40,FAT_BURN,1
2023-11-28T13:41,FAT_BURN,1
2023-11-28T13:42,FAT_BURN,1
2023-11-28T13:43,CARDIO,2
2023-11-28T13:44,CARDIO,2
2023-11-28T13:45,CARDIO,2
2023-11-28T13:46,CARDIO,2
2023-11-28T13:47,CARDIO,2
2023-11-28T13:48,CARDIO,2
2023-11-28T13:49,CARDIO,2
2023-11-28T13:50,FAT_BURN,1
2023-11-28T13:53,FAT_BURN,1
2023-11-29T08:58,FAT_BURN,1
2023-11-29T08:59,FAT_BURN,1
2023-11-29T09:00,FAT_BURN,1
2023-11-29T09:01,FAT_BURN,1
2023-11-29T09:02,CARDIO,2
2023-11-29T09:03,CARDIO,2
2023-11-29T09:04,CARDIO,2
2023-11-29T10:21,FAT_BURN,1
2023-11-29T10:22,FAT_BURN,1
2023-11-29T10:23,FAT_BURN,1
2023-11-29T10:24,CARDIO,2
2023-11-29T10:25,FAT_BURN,1
2023-11-29T10:26,CARDIO,2
2023-11-29T10:27,FAT_BURN,1
2023-11-29T10:28,FAT_BURN,1
2023-11-29T10:29,FAT_BURN,1
2023-11-29T10:30,FAT_BURN,1
2023-11-29T10:31,FAT_BURN,1
2023-11-29T10:32,FAT_BURN,1
2023-11-29T10:49,FAT_BURN,1
2023-11-29T10:52,FAT_BURN,1
2023-11-29T10:53,FAT_BURN,1
2023-11-29T11:14,FAT_BURN,1
2023-11-29T11:15,FAT_BURN,1
2023-11-29T11:16,FAT_BURN,1
2023-11-29T11:17,FAT_BURN,1
2023-11-29T11:41,FAT_BURN,1
2023-11-29T12:44,FAT_BURN,1
2023-11-29T12:45,CARDIO,2
2023-11-29T12:46,CARDIO,2
2023-11-29T12:47,FAT_BURN,1
2023-11-29T12:48,CARDIO,2
2023-11-29T12:49,CARDIO,2
2023-11-29T12:50,CARDIO,2
2023-11-29T12:51,CARDIO,2
2023-11-29T12:52,CARDIO,2
2023-11-29T12:53,CARDIO,2
2023-11-29T12:54,CARDIO,2
2023-11-29T12:55,FAT_BURN,1
2023-11-29T12:56,FAT_BURN,1
2023-11-29T14:22,FAT_BURN,1
2023-11-29T14:23,FAT_BURN,1
2023-11-29T14:24,CARDIO,2
2023-11-29T14:25,FAT_BURN,1
2023-11-29T14:29,FAT_BURN,1
2023-11-29T14:30,FAT_BURN,1
2023-11-29T14:37,FAT_BURN,1
2023-11-29T14:38,FAT_BURN,1
2023-11-29T14:39,FAT_BURN,1
2023-11-29T14:40,FAT_BURN,1
2023-11-29T14:41,FAT_BURN,1
2023-11-29T14:46,FAT_BURN,1
2023-11-29T14:47,FAT_BURN,1
2023-11-29T14:48,FAT_BURN,1
2023-11-29T14:49,FAT_BURN,1
2023-11-29T14:50,FAT_BURN,1
2023-11-29T14:51,FAT_BURN,1
2023-11-29T14:52,FAT_BURN,1
2023-11-29T14:53,FAT_BURN,1
2023-11-29T14:54,FAT_BURN,1
2023-11-29T14:55,FAT_BURN,1
2023-11-29T14:56,CARDIO,2
2023-11-29T14:57,CARDIO,2
2023-11-29T14:58,CARDIO,2
2023-11-29T14:59,CARDIO,2
2023-11-29T15:00,CARDIO,2
2023-11-29T15:01,FAT_BURN,1
2023-11-29T15:02,FAT_BURN,1
2023-11-29T15:03,FAT_BURN,1
2023-11-29T15:04,FAT_BURN,1
2023-11-29T19:12,FAT_BURN,1
2023-11-29T19:13,FAT_BURN,1
2023-11-29T20:01,FAT_BURN,1
2023-11-29T20:02,FAT_BURN,1
2023-11-30T08:14,FAT_BURN,1
2023-11-30T08:15,FAT_BURN,1
2023-11-30T08:22,FAT_BURN,1
2023-11-30T08:23,FAT_BURN,1
2023-11-30T08:24,FAT_BURN,1
2023-11-30T08:25,FAT_BURN,1
2023-11-30T20:36,FAT_BURN,1
2023-11-30T20:37,CARDIO,2
2023-11-30T20:38,FAT_BURN,1
2023-11-30T20:39,FAT_BURN,1
2023-11-30T20:42,FAT_BURN,1
2023-11-30T20:43,FAT_BURN,1
2023-11-30T20:51,FAT_BURN,1
2023-11-30T20:52,FAT_BURN,1
2023-11-30T20:53,FAT_BURN,1
2023-11-30T20:54,FAT_BURN,1
2023-11-30T20:55,FAT_BURN,1
2023-11-30T20:56,FAT_BURN,1
2023-11-30T21:10,FAT_BURN,1
2023-11-30T21:11,FAT_BURN,1
2023-11-30T21:12,FAT_BURN,1
2023-11-30T21:26,FAT_BURN,1
2023-11-30T21:30,FAT_BURN,1
2023-11-30T21:31,FAT_BURN,1
2023-11-30T22:07,FAT_BURN,1
2023-11-30T22:08,FAT_BURN,1
2023-11-30T22:09,FAT_BURN,1
2023-11-30T22:10,FAT_BURN,1
2023-11-30T22:11,FAT_BURN,1
2023-11-30T22:12,FAT_BURN,1
2023-11-30T22:13,FAT_BURN,1
2023-11-30T22:14,FAT_BURN,1
2023-11-30T22:16,FAT_BURN,1
2023-11-30T22:17,FAT_BURN,1
2023-11-30T23:24,FAT_BURN,1
2023-11-30T23:25,FAT_BURN,1
2023-11-30T23:26,FAT_BURN,1
2023-11-30T23:27,FAT_BURN,1
2023-11-30T23:28,FAT_BURN,1
2023-11-30T23:33,FAT_BURN,1
2023-11-30T23:34,FAT_BURN,1
2023-11-30T23:35,FAT_BURN,1
2023-11-30T23:36,FAT_BURN,1
2023-11-30T23:37,FAT_BURN,1
2023-11-30T23:38,FAT_BURN,1
2023-11-30T23:39,FAT_BURN,1